gene	aa_muta	oncoKB_id	evidenceType	cancerType	subtype	curatedRefSeq	curatedIsoform	level
KIT	A829P	110694	STANDARD_THERAPEUTIC_IMPLICATIONS_FOR_DRUG_SENSITIVITY	Gastrointestinal Stromal Tumor	None	NM_000222.2	ENST00000288135	LEVEL_2
KIT	D816	110694	STANDARD_THERAPEUTIC_IMPLICATIONS_FOR_DRUG_SENSITIVITY	Gastrointestinal Stromal Tumor	None	NM_000222.2	ENST00000288135	LEVEL_2
KIT	Y823D	110694	STANDARD_THERAPEUTIC_IMPLICATIONS_FOR_DRUG_SENSITIVITY	Gastrointestinal Stromal Tumor	None	NM_000222.2	ENST00000288135	LEVEL_2
KIT	C809G	110694	STANDARD_THERAPEUTIC_IMPLICATIONS_FOR_DRUG_SENSITIVITY	Gastrointestinal Stromal Tumor	None	NM_000222.2	ENST00000288135	LEVEL_2
KIT	D820	110694	STANDARD_THERAPEUTIC_IMPLICATIONS_FOR_DRUG_SENSITIVITY	Gastrointestinal Stromal Tumor	None	NM_000222.2	ENST00000288135	LEVEL_2
KIT	N822	110694	STANDARD_THERAPEUTIC_IMPLICATIONS_FOR_DRUG_SENSITIVITY	Gastrointestinal Stromal Tumor	None	NM_000222.2	ENST00000288135	LEVEL_2
EGFR	A763_Y764insFQEA	111080	STANDARD_THERAPEUTIC_IMPLICATIONS_FOR_DRUG_SENSITIVITY	Non-Small Cell Lung Cancer	None	NM_005228.3	ENST00000275493	LEVEL_2
ABL1	BCR-ABL1 Fusion	103722	STANDARD_THERAPEUTIC_IMPLICATIONS_FOR_DRUG_SENSITIVITY	B-Lymphoblastic Leukemia/Lymphoma	BLL	NM_005157.4	ENST00000318560	LEVEL_2
BRAF	V600E	105450	STANDARD_THERAPEUTIC_IMPLICATIONS_FOR_DRUG_SENSITIVITY	Mature B-Cell Neoplasms	HCL	NM_004333.4	ENST00000288602	LEVEL_2
ABL1	BCR-ABL1 Fusion	103723	STANDARD_THERAPEUTIC_IMPLICATIONS_FOR_DRUG_SENSITIVITY	B-Lymphoblastic Leukemia/Lymphoma	BLL	NM_005157.4	ENST00000318560	LEVEL_2
BRCA1	Oncogenic Mutations	106155	STANDARD_THERAPEUTIC_IMPLICATIONS_FOR_DRUG_SENSITIVITY	Ovarian Cancer	None	NM_007294.3	ENST00000357654	LEVEL_2
BRCA1	Oncogenic Mutations	106160	STANDARD_THERAPEUTIC_IMPLICATIONS_FOR_DRUG_SENSITIVITY	"Peritoneal Cancer, NOS"	PSEC	NM_007294.3	ENST00000357654	LEVEL_2
BRCA1	Oncogenic Mutations	106165	STANDARD_THERAPEUTIC_IMPLICATIONS_FOR_DRUG_SENSITIVITY	Breast Cancer	None	NM_007294.3	ENST00000357654	LEVEL_2
KIT	Oncogenic Mutations	110712	STANDARD_THERAPEUTIC_IMPLICATIONS_FOR_DRUG_SENSITIVITY	Melanoma	MEL	NM_000222.2	ENST00000288135	LEVEL_2
KIT	Oncogenic Mutations	110714	STANDARD_THERAPEUTIC_IMPLICATIONS_FOR_DRUG_SENSITIVITY	Thymic Tumor	None	NM_000222.2	ENST00000288135	LEVEL_2
BRAF	V600E	112122	STANDARD_THERAPEUTIC_IMPLICATIONS_FOR_DRUG_SENSITIVITY	Glioma	PAST	NM_004333.4	ENST00000288602	LEVEL_2
BRAF	V600	105468	STANDARD_THERAPEUTIC_IMPLICATIONS_FOR_DRUG_SENSITIVITY	Melanoma	MEL	NM_004333.4	ENST00000288602	LEVEL_2
BRAF	V600E	112124	STANDARD_THERAPEUTIC_IMPLICATIONS_FOR_DRUG_SENSITIVITY	Glioma	GNG	NM_004333.4	ENST00000288602	LEVEL_2
ERBB2	Oncogenic Mutations	88123	STANDARD_THERAPEUTIC_IMPLICATIONS_FOR_DRUG_SENSITIVITY	Non-Small Cell Lung Cancer	None	NM_004448.2	ENST00000269571	LEVEL_2
BRAF	V600E	112123	STANDARD_THERAPEUTIC_IMPLICATIONS_FOR_DRUG_SENSITIVITY	Glioma	PXA	NM_004333.4	ENST00000288602	LEVEL_2
BRAF	V600	105470	STANDARD_THERAPEUTIC_IMPLICATIONS_FOR_DRUG_SENSITIVITY	Melanoma	MEL	NM_004333.4	ENST00000288602	LEVEL_2
BRAF	V600	105469	STANDARD_THERAPEUTIC_IMPLICATIONS_FOR_DRUG_SENSITIVITY	Melanoma	MEL	NM_004333.4	ENST00000288602	LEVEL_2
BRAF	V600	105472	STANDARD_THERAPEUTIC_IMPLICATIONS_FOR_DRUG_SENSITIVITY	Thyroid Cancer	THAP	NM_004333.4	ENST00000288602	LEVEL_2
CDK4	Amplification	85695	STANDARD_THERAPEUTIC_IMPLICATIONS_FOR_DRUG_SENSITIVITY	Soft Tissue Sarcoma	DDLS	NM_000075.3	ENST00000257904	LEVEL_2
PDGFRA	D842V	97026	STANDARD_THERAPEUTIC_IMPLICATIONS_FOR_DRUG_SENSITIVITY	Gastrointestinal Stromal Tumor	None	NM_006206.4	ENST00000257290	LEVEL_2
CDK4	Amplification	85697	STANDARD_THERAPEUTIC_IMPLICATIONS_FOR_DRUG_SENSITIVITY	Soft Tissue Sarcoma	WDLS	NM_000075.3	ENST00000257904	LEVEL_2
ABL1	Y253H	103812	STANDARD_THERAPEUTIC_IMPLICATIONS_FOR_DRUG_SENSITIVITY	B-Lymphoblastic Leukemia/Lymphoma	BLL	NM_005157.4	ENST00000318560	LEVEL_2
ABL1	T315A	103812	STANDARD_THERAPEUTIC_IMPLICATIONS_FOR_DRUG_SENSITIVITY	B-Lymphoblastic Leukemia/Lymphoma	BLL	NM_005157.4	ENST00000318560	LEVEL_2
ABL1	F317V	103812	STANDARD_THERAPEUTIC_IMPLICATIONS_FOR_DRUG_SENSITIVITY	B-Lymphoblastic Leukemia/Lymphoma	BLL	NM_005157.4	ENST00000318560	LEVEL_2
ABL1	F317L	103812	STANDARD_THERAPEUTIC_IMPLICATIONS_FOR_DRUG_SENSITIVITY	B-Lymphoblastic Leukemia/Lymphoma	BLL	NM_005157.4	ENST00000318560	LEVEL_2
ABL1	F359C	103812	STANDARD_THERAPEUTIC_IMPLICATIONS_FOR_DRUG_SENSITIVITY	B-Lymphoblastic Leukemia/Lymphoma	BLL	NM_005157.4	ENST00000318560	LEVEL_2
ABL1	F359I	103812	STANDARD_THERAPEUTIC_IMPLICATIONS_FOR_DRUG_SENSITIVITY	B-Lymphoblastic Leukemia/Lymphoma	BLL	NM_005157.4	ENST00000318560	LEVEL_2
ABL1	E255V	103812	STANDARD_THERAPEUTIC_IMPLICATIONS_FOR_DRUG_SENSITIVITY	B-Lymphoblastic Leukemia/Lymphoma	BLL	NM_005157.4	ENST00000318560	LEVEL_2
ABL1	E255K	103812	STANDARD_THERAPEUTIC_IMPLICATIONS_FOR_DRUG_SENSITIVITY	B-Lymphoblastic Leukemia/Lymphoma	BLL	NM_005157.4	ENST00000318560	LEVEL_2
ABL1	F317C	103812	STANDARD_THERAPEUTIC_IMPLICATIONS_FOR_DRUG_SENSITIVITY	B-Lymphoblastic Leukemia/Lymphoma	BLL	NM_005157.4	ENST00000318560	LEVEL_2
ABL1	F359V	103812	STANDARD_THERAPEUTIC_IMPLICATIONS_FOR_DRUG_SENSITIVITY	B-Lymphoblastic Leukemia/Lymphoma	BLL	NM_005157.4	ENST00000318560	LEVEL_2
ABL1	F317I	103812	STANDARD_THERAPEUTIC_IMPLICATIONS_FOR_DRUG_SENSITIVITY	B-Lymphoblastic Leukemia/Lymphoma	BLL	NM_005157.4	ENST00000318560	LEVEL_2
BRCA1	Oncogenic Mutations	108932	STANDARD_THERAPEUTIC_IMPLICATIONS_FOR_DRUG_SENSITIVITY	Breast Cancer	None	NM_007294.3	ENST00000357654	LEVEL_2
BRAF	V600E	110980	STANDARD_THERAPEUTIC_IMPLICATIONS_FOR_DRUG_SENSITIVITY	Colorectal Cancer	None	NM_004333.4	ENST00000288602	LEVEL_2
ABL1	Y253H	103814	STANDARD_THERAPEUTIC_IMPLICATIONS_FOR_DRUG_SENSITIVITY	B-Lymphoblastic Leukemia/Lymphoma	BLL	NM_005157.4	ENST00000318560	LEVEL_2
ABL1	F359C	103814	STANDARD_THERAPEUTIC_IMPLICATIONS_FOR_DRUG_SENSITIVITY	B-Lymphoblastic Leukemia/Lymphoma	BLL	NM_005157.4	ENST00000318560	LEVEL_2
ABL1	F359I	103814	STANDARD_THERAPEUTIC_IMPLICATIONS_FOR_DRUG_SENSITIVITY	B-Lymphoblastic Leukemia/Lymphoma	BLL	NM_005157.4	ENST00000318560	LEVEL_2
ABL1	E255V	103814	STANDARD_THERAPEUTIC_IMPLICATIONS_FOR_DRUG_SENSITIVITY	B-Lymphoblastic Leukemia/Lymphoma	BLL	NM_005157.4	ENST00000318560	LEVEL_2
ABL1	E255K	103814	STANDARD_THERAPEUTIC_IMPLICATIONS_FOR_DRUG_SENSITIVITY	B-Lymphoblastic Leukemia/Lymphoma	BLL	NM_005157.4	ENST00000318560	LEVEL_2
ABL1	F359V	103814	STANDARD_THERAPEUTIC_IMPLICATIONS_FOR_DRUG_SENSITIVITY	B-Lymphoblastic Leukemia/Lymphoma	BLL	NM_005157.4	ENST00000318560	LEVEL_2
ERBB2	Amplification	110982	STANDARD_THERAPEUTIC_IMPLICATIONS_FOR_DRUG_SENSITIVITY	Colorectal Cancer	None	NM_004448.2	ENST00000269571	LEVEL_2
ABL1	Y253H	103813	STANDARD_THERAPEUTIC_IMPLICATIONS_FOR_DRUG_SENSITIVITY	Myeloproliferative Neoplasms	CML	NM_005157.4	ENST00000318560	LEVEL_2
ABL1	T315A	103813	STANDARD_THERAPEUTIC_IMPLICATIONS_FOR_DRUG_SENSITIVITY	Myeloproliferative Neoplasms	CML	NM_005157.4	ENST00000318560	LEVEL_2
ABL1	F317V	103813	STANDARD_THERAPEUTIC_IMPLICATIONS_FOR_DRUG_SENSITIVITY	Myeloproliferative Neoplasms	CML	NM_005157.4	ENST00000318560	LEVEL_2
ABL1	F317L	103813	STANDARD_THERAPEUTIC_IMPLICATIONS_FOR_DRUG_SENSITIVITY	Myeloproliferative Neoplasms	CML	NM_005157.4	ENST00000318560	LEVEL_2
ABL1	F359C	103813	STANDARD_THERAPEUTIC_IMPLICATIONS_FOR_DRUG_SENSITIVITY	Myeloproliferative Neoplasms	CML	NM_005157.4	ENST00000318560	LEVEL_2
ABL1	F359I	103813	STANDARD_THERAPEUTIC_IMPLICATIONS_FOR_DRUG_SENSITIVITY	Myeloproliferative Neoplasms	CML	NM_005157.4	ENST00000318560	LEVEL_2
ABL1	E255V	103813	STANDARD_THERAPEUTIC_IMPLICATIONS_FOR_DRUG_SENSITIVITY	Myeloproliferative Neoplasms	CML	NM_005157.4	ENST00000318560	LEVEL_2
ABL1	E255K	103813	STANDARD_THERAPEUTIC_IMPLICATIONS_FOR_DRUG_SENSITIVITY	Myeloproliferative Neoplasms	CML	NM_005157.4	ENST00000318560	LEVEL_2
ABL1	F317C	103813	STANDARD_THERAPEUTIC_IMPLICATIONS_FOR_DRUG_SENSITIVITY	Myeloproliferative Neoplasms	CML	NM_005157.4	ENST00000318560	LEVEL_2
ABL1	F359V	103813	STANDARD_THERAPEUTIC_IMPLICATIONS_FOR_DRUG_SENSITIVITY	Myeloproliferative Neoplasms	CML	NM_005157.4	ENST00000318560	LEVEL_2
ABL1	F317I	103813	STANDARD_THERAPEUTIC_IMPLICATIONS_FOR_DRUG_SENSITIVITY	Myeloproliferative Neoplasms	CML	NM_005157.4	ENST00000318560	LEVEL_2
BRCA2	Oncogenic Mutations	108933	STANDARD_THERAPEUTIC_IMPLICATIONS_FOR_DRUG_SENSITIVITY	Breast Cancer	None	NM_000059.3	ENST00000380152	LEVEL_2
ABL1	T315A	103816	STANDARD_THERAPEUTIC_IMPLICATIONS_FOR_DRUG_SENSITIVITY	B-Lymphoblastic Leukemia/Lymphoma	BLL	NM_005157.4	ENST00000318560	LEVEL_2
ABL1	F317V	103816	STANDARD_THERAPEUTIC_IMPLICATIONS_FOR_DRUG_SENSITIVITY	B-Lymphoblastic Leukemia/Lymphoma	BLL	NM_005157.4	ENST00000318560	LEVEL_2
ABL1	V299L	103816	STANDARD_THERAPEUTIC_IMPLICATIONS_FOR_DRUG_SENSITIVITY	B-Lymphoblastic Leukemia/Lymphoma	BLL	NM_005157.4	ENST00000318560	LEVEL_2
ABL1	F317L	103816	STANDARD_THERAPEUTIC_IMPLICATIONS_FOR_DRUG_SENSITIVITY	B-Lymphoblastic Leukemia/Lymphoma	BLL	NM_005157.4	ENST00000318560	LEVEL_2
ABL1	F317C	103816	STANDARD_THERAPEUTIC_IMPLICATIONS_FOR_DRUG_SENSITIVITY	B-Lymphoblastic Leukemia/Lymphoma	BLL	NM_005157.4	ENST00000318560	LEVEL_2
ABL1	F317I	103816	STANDARD_THERAPEUTIC_IMPLICATIONS_FOR_DRUG_SENSITIVITY	B-Lymphoblastic Leukemia/Lymphoma	BLL	NM_005157.4	ENST00000318560	LEVEL_2
ABL1	Y253H	103815	STANDARD_THERAPEUTIC_IMPLICATIONS_FOR_DRUG_SENSITIVITY	Myeloproliferative Neoplasms	CML	NM_005157.4	ENST00000318560	LEVEL_2
ABL1	F359C	103815	STANDARD_THERAPEUTIC_IMPLICATIONS_FOR_DRUG_SENSITIVITY	Myeloproliferative Neoplasms	CML	NM_005157.4	ENST00000318560	LEVEL_2
ABL1	F359I	103815	STANDARD_THERAPEUTIC_IMPLICATIONS_FOR_DRUG_SENSITIVITY	Myeloproliferative Neoplasms	CML	NM_005157.4	ENST00000318560	LEVEL_2
ABL1	E255V	103815	STANDARD_THERAPEUTIC_IMPLICATIONS_FOR_DRUG_SENSITIVITY	Myeloproliferative Neoplasms	CML	NM_005157.4	ENST00000318560	LEVEL_2
ABL1	E255K	103815	STANDARD_THERAPEUTIC_IMPLICATIONS_FOR_DRUG_SENSITIVITY	Myeloproliferative Neoplasms	CML	NM_005157.4	ENST00000318560	LEVEL_2
ABL1	F359V	103815	STANDARD_THERAPEUTIC_IMPLICATIONS_FOR_DRUG_SENSITIVITY	Myeloproliferative Neoplasms	CML	NM_005157.4	ENST00000318560	LEVEL_2
ERBB2	Amplification	110983	STANDARD_THERAPEUTIC_IMPLICATIONS_FOR_DRUG_SENSITIVITY	Colorectal Cancer	None	NM_004448.2	ENST00000269571	LEVEL_2
ABL1	T315A	103817	STANDARD_THERAPEUTIC_IMPLICATIONS_FOR_DRUG_SENSITIVITY	Myeloproliferative Neoplasms	CML	NM_005157.4	ENST00000318560	LEVEL_2
ABL1	F317V	103817	STANDARD_THERAPEUTIC_IMPLICATIONS_FOR_DRUG_SENSITIVITY	Myeloproliferative Neoplasms	CML	NM_005157.4	ENST00000318560	LEVEL_2
ABL1	V299L	103817	STANDARD_THERAPEUTIC_IMPLICATIONS_FOR_DRUG_SENSITIVITY	Myeloproliferative Neoplasms	CML	NM_005157.4	ENST00000318560	LEVEL_2
ABL1	F317L	103817	STANDARD_THERAPEUTIC_IMPLICATIONS_FOR_DRUG_SENSITIVITY	Myeloproliferative Neoplasms	CML	NM_005157.4	ENST00000318560	LEVEL_2
ABL1	F317C	103817	STANDARD_THERAPEUTIC_IMPLICATIONS_FOR_DRUG_SENSITIVITY	Myeloproliferative Neoplasms	CML	NM_005157.4	ENST00000318560	LEVEL_2
ABL1	F317I	103817	STANDARD_THERAPEUTIC_IMPLICATIONS_FOR_DRUG_SENSITIVITY	Myeloproliferative Neoplasms	CML	NM_005157.4	ENST00000318560	LEVEL_2
ERBB2	Amplification	88142	STANDARD_THERAPEUTIC_IMPLICATIONS_FOR_DRUG_SENSITIVITY	Endometrial Cancer	USC	NM_004448.2	ENST00000269571	LEVEL_2
PDGFRA	Oncogenic Mutations	97102	STANDARD_THERAPEUTIC_IMPLICATIONS_FOR_DRUG_SENSITIVITY	Gastrointestinal Stromal Tumor	None	NM_006206.4	ENST00000257290	LEVEL_2
BRCA2	Oncogenic Mutations	107023	STANDARD_THERAPEUTIC_IMPLICATIONS_FOR_DRUG_SENSITIVITY	Ovarian Cancer	None	NM_000059.3	ENST00000380152	LEVEL_2
MET	D1010	94351	STANDARD_THERAPEUTIC_IMPLICATIONS_FOR_DRUG_SENSITIVITY	Non-Small Cell Lung Cancer	None	NM_000245.2	ENST00000397752	LEVEL_2
MET	Y1003	94351	STANDARD_THERAPEUTIC_IMPLICATIONS_FOR_DRUG_SENSITIVITY	Non-Small Cell Lung Cancer	None	NM_000245.2	ENST00000397752	LEVEL_2
MET	963_1010splice	94351	STANDARD_THERAPEUTIC_IMPLICATIONS_FOR_DRUG_SENSITIVITY	Non-Small Cell Lung Cancer	None	NM_000245.2	ENST00000397752	LEVEL_2
MET	963_1010del	94351	STANDARD_THERAPEUTIC_IMPLICATIONS_FOR_DRUG_SENSITIVITY	Non-Small Cell Lung Cancer	None	NM_000245.2	ENST00000397752	LEVEL_2
MET	Amplification	94418	STANDARD_THERAPEUTIC_IMPLICATIONS_FOR_DRUG_SENSITIVITY	Non-Small Cell Lung Cancer	None	NM_000245.2	ENST00000397752	LEVEL_2
RET	Fusions	100116	STANDARD_THERAPEUTIC_IMPLICATIONS_FOR_DRUG_SENSITIVITY	Non-Small Cell Lung Cancer	None	NM_020975.4	ENST00000355710	LEVEL_2
BRCA2	Oncogenic Mutations	107028	STANDARD_THERAPEUTIC_IMPLICATIONS_FOR_DRUG_SENSITIVITY	"Peritoneal Cancer, NOS"	PSEC	NM_000059.3	ENST00000380152	LEVEL_2
RET	Fusions	100115	STANDARD_THERAPEUTIC_IMPLICATIONS_FOR_DRUG_SENSITIVITY	Non-Small Cell Lung Cancer	None	NM_020975.4	ENST00000355710	LEVEL_2
MET	Amplification	94421	STANDARD_THERAPEUTIC_IMPLICATIONS_FOR_DRUG_SENSITIVITY	Renal Cell Carcinoma	None	NM_000245.2	ENST00000397752	LEVEL_2
BRCA2	Oncogenic Mutations	107032	STANDARD_THERAPEUTIC_IMPLICATIONS_FOR_DRUG_SENSITIVITY	Breast Cancer	None	NM_000059.3	ENST00000380152	LEVEL_2
ALK	Fusions	104410	STANDARD_THERAPEUTIC_IMPLICATIONS_FOR_DRUG_SENSITIVITY	Soft Tissue Sarcoma	IMT	NM_004304.4	ENST00000389048	LEVEL_2
ALK	Fusions	104409	STANDARD_THERAPEUTIC_IMPLICATIONS_FOR_DRUG_SENSITIVITY	Soft Tissue Sarcoma	IMT	NM_004304.4	ENST00000389048	LEVEL_2
KIT	A829P	110692	STANDARD_THERAPEUTIC_IMPLICATIONS_FOR_DRUG_SENSITIVITY	Gastrointestinal Stromal Tumor	None	NM_000222.2	ENST00000288135	LEVEL_1
KIT	D816	110692	STANDARD_THERAPEUTIC_IMPLICATIONS_FOR_DRUG_SENSITIVITY	Gastrointestinal Stromal Tumor	None	NM_000222.2	ENST00000288135	LEVEL_1
KIT	Y823D	110692	STANDARD_THERAPEUTIC_IMPLICATIONS_FOR_DRUG_SENSITIVITY	Gastrointestinal Stromal Tumor	None	NM_000222.2	ENST00000288135	LEVEL_1
KIT	C809G	110692	STANDARD_THERAPEUTIC_IMPLICATIONS_FOR_DRUG_SENSITIVITY	Gastrointestinal Stromal Tumor	None	NM_000222.2	ENST00000288135	LEVEL_1
KIT	D820	110692	STANDARD_THERAPEUTIC_IMPLICATIONS_FOR_DRUG_SENSITIVITY	Gastrointestinal Stromal Tumor	None	NM_000222.2	ENST00000288135	LEVEL_1
KIT	N822	110692	STANDARD_THERAPEUTIC_IMPLICATIONS_FOR_DRUG_SENSITIVITY	Gastrointestinal Stromal Tumor	None	NM_000222.2	ENST00000288135	LEVEL_1
KIT	A829P	110691	STANDARD_THERAPEUTIC_IMPLICATIONS_FOR_DRUG_SENSITIVITY	Gastrointestinal Stromal Tumor	None	NM_000222.2	ENST00000288135	LEVEL_1
KIT	D816	110691	STANDARD_THERAPEUTIC_IMPLICATIONS_FOR_DRUG_SENSITIVITY	Gastrointestinal Stromal Tumor	None	NM_000222.2	ENST00000288135	LEVEL_1
KIT	Y823D	110691	STANDARD_THERAPEUTIC_IMPLICATIONS_FOR_DRUG_SENSITIVITY	Gastrointestinal Stromal Tumor	None	NM_000222.2	ENST00000288135	LEVEL_1
KIT	C809G	110691	STANDARD_THERAPEUTIC_IMPLICATIONS_FOR_DRUG_SENSITIVITY	Gastrointestinal Stromal Tumor	None	NM_000222.2	ENST00000288135	LEVEL_1
KIT	D820	110691	STANDARD_THERAPEUTIC_IMPLICATIONS_FOR_DRUG_SENSITIVITY	Gastrointestinal Stromal Tumor	None	NM_000222.2	ENST00000288135	LEVEL_1
KIT	N822	110691	STANDARD_THERAPEUTIC_IMPLICATIONS_FOR_DRUG_SENSITIVITY	Gastrointestinal Stromal Tumor	None	NM_000222.2	ENST00000288135	LEVEL_1
IDH2	Oncogenic Mutations	92003	STANDARD_THERAPEUTIC_IMPLICATIONS_FOR_DRUG_SENSITIVITY	Leukemia	AML	NM_002168.2	ENST00000330062	LEVEL_1
ABL1	T315I	103781	STANDARD_THERAPEUTIC_IMPLICATIONS_FOR_DRUG_SENSITIVITY	Myeloproliferative Neoplasms	CML	NM_005157.4	ENST00000318560	LEVEL_1
KIT	A829P	110693	STANDARD_THERAPEUTIC_IMPLICATIONS_FOR_DRUG_SENSITIVITY	Gastrointestinal Stromal Tumor	None	NM_000222.2	ENST00000288135	LEVEL_1
KIT	D816	110693	STANDARD_THERAPEUTIC_IMPLICATIONS_FOR_DRUG_SENSITIVITY	Gastrointestinal Stromal Tumor	None	NM_000222.2	ENST00000288135	LEVEL_1
KIT	Y823D	110693	STANDARD_THERAPEUTIC_IMPLICATIONS_FOR_DRUG_SENSITIVITY	Gastrointestinal Stromal Tumor	None	NM_000222.2	ENST00000288135	LEVEL_1
KIT	C809G	110693	STANDARD_THERAPEUTIC_IMPLICATIONS_FOR_DRUG_SENSITIVITY	Gastrointestinal Stromal Tumor	None	NM_000222.2	ENST00000288135	LEVEL_1
KIT	D820	110693	STANDARD_THERAPEUTIC_IMPLICATIONS_FOR_DRUG_SENSITIVITY	Gastrointestinal Stromal Tumor	None	NM_000222.2	ENST00000288135	LEVEL_1
KIT	N822	110693	STANDARD_THERAPEUTIC_IMPLICATIONS_FOR_DRUG_SENSITIVITY	Gastrointestinal Stromal Tumor	None	NM_000222.2	ENST00000288135	LEVEL_1
ABL1	T315I	103784	STANDARD_THERAPEUTIC_IMPLICATIONS_FOR_DRUG_SENSITIVITY	B-Lymphoblastic Leukemia/Lymphoma	BLL	NM_005157.4	ENST00000318560	LEVEL_1
FGFR2	Fusions	90474	STANDARD_THERAPEUTIC_IMPLICATIONS_FOR_DRUG_SENSITIVITY	Bladder Cancer	None	NM_000141.4	ENST00000358487	LEVEL_1
NF1	Oncogenic Mutations	110974	STANDARD_THERAPEUTIC_IMPLICATIONS_FOR_DRUG_SENSITIVITY	Nerve Sheath Tumor	NFIB	NM_001042492.2	ENST00000358273	LEVEL_1
PDGFRB	Fusions	97152	STANDARD_THERAPEUTIC_IMPLICATIONS_FOR_DRUG_SENSITIVITY	Myelodysplastic/Myeloproliferative Neoplasms	MDS/MPN	NM_002609.3	ENST00000261799	LEVEL_1
BRCA1	Oncogenic Mutations	108930	STANDARD_THERAPEUTIC_IMPLICATIONS_FOR_DRUG_SENSITIVITY	Ovarian Cancer	None	NM_007294.3	ENST00000357654	LEVEL_1
BRCA1	Oncogenic Mutations	108931	STANDARD_THERAPEUTIC_IMPLICATIONS_FOR_DRUG_SENSITIVITY	"Peritoneal Cancer, NOS"	PSEC	NM_007294.3	ENST00000357654	LEVEL_1
BRAF	V600E	110979	STANDARD_THERAPEUTIC_IMPLICATIONS_FOR_DRUG_SENSITIVITY	Colorectal Cancer	None	NM_004333.4	ENST00000288602	LEVEL_1
NTRK1	Fusions	96648	STANDARD_THERAPEUTIC_IMPLICATIONS_FOR_DRUG_SENSITIVITY	All Solid Tumors	None	NM_002529.3	ENST00000524377	LEVEL_1
NTRK1	Fusions	96647	STANDARD_THERAPEUTIC_IMPLICATIONS_FOR_DRUG_SENSITIVITY	All Solid Tumors	None	NM_002529.3	ENST00000524377	LEVEL_1
EGFR	T790M	111012	STANDARD_THERAPEUTIC_IMPLICATIONS_FOR_DRUG_SENSITIVITY	Non-Small Cell Lung Cancer	None	NM_005228.3	ENST00000275493	LEVEL_1
TSC1	Oncogenic Mutations	103082	STANDARD_THERAPEUTIC_IMPLICATIONS_FOR_DRUG_SENSITIVITY	CNS Cancer	None	NM_000368.4	ENST00000298552	LEVEL_1
BRCA1	Oncogenic Mutations	106156	STANDARD_THERAPEUTIC_IMPLICATIONS_FOR_DRUG_SENSITIVITY	Ovarian Cancer	None	NM_007294.3	ENST00000357654	LEVEL_1
EGFR	729_761del	111020	STANDARD_THERAPEUTIC_IMPLICATIONS_FOR_DRUG_SENSITIVITY	Non-Small Cell Lung Cancer	None	NM_005228.3	ENST00000275493	LEVEL_1
EGFR	L858R	111020	STANDARD_THERAPEUTIC_IMPLICATIONS_FOR_DRUG_SENSITIVITY	Non-Small Cell Lung Cancer	None	NM_005228.3	ENST00000275493	LEVEL_1
EGFR	729_761del	111019	STANDARD_THERAPEUTIC_IMPLICATIONS_FOR_DRUG_SENSITIVITY	Non-Small Cell Lung Cancer	None	NM_005228.3	ENST00000275493	LEVEL_1
EGFR	L858R	111019	STANDARD_THERAPEUTIC_IMPLICATIONS_FOR_DRUG_SENSITIVITY	Non-Small Cell Lung Cancer	None	NM_005228.3	ENST00000275493	LEVEL_1
EGFR	729_761del	111022	STANDARD_THERAPEUTIC_IMPLICATIONS_FOR_DRUG_SENSITIVITY	Non-Small Cell Lung Cancer	None	NM_005228.3	ENST00000275493	LEVEL_1
EGFR	L858R	111022	STANDARD_THERAPEUTIC_IMPLICATIONS_FOR_DRUG_SENSITIVITY	Non-Small Cell Lung Cancer	None	NM_005228.3	ENST00000275493	LEVEL_1
EGFR	729_761del	111021	STANDARD_THERAPEUTIC_IMPLICATIONS_FOR_DRUG_SENSITIVITY	Non-Small Cell Lung Cancer	None	NM_005228.3	ENST00000275493	LEVEL_1
EGFR	L858R	111021	STANDARD_THERAPEUTIC_IMPLICATIONS_FOR_DRUG_SENSITIVITY	Non-Small Cell Lung Cancer	None	NM_005228.3	ENST00000275493	LEVEL_1
EGFR	729_761del	111023	STANDARD_THERAPEUTIC_IMPLICATIONS_FOR_DRUG_SENSITIVITY	Non-Small Cell Lung Cancer	None	NM_005228.3	ENST00000275493	LEVEL_1
EGFR	L858R	111023	STANDARD_THERAPEUTIC_IMPLICATIONS_FOR_DRUG_SENSITIVITY	Non-Small Cell Lung Cancer	None	NM_005228.3	ENST00000275493	LEVEL_1
BRCA1	Oncogenic Mutations	106161	STANDARD_THERAPEUTIC_IMPLICATIONS_FOR_DRUG_SENSITIVITY	"Peritoneal Cancer, NOS"	PSEC	NM_007294.3	ENST00000357654	LEVEL_1
KRAS	Wildtype	93364	STANDARD_THERAPEUTIC_IMPLICATIONS_FOR_DRUG_SENSITIVITY	Colorectal Cancer	None	NM_033360.2	ENST00000256078	LEVEL_1
PDGFRA	D842V	108467	STANDARD_THERAPEUTIC_IMPLICATIONS_FOR_DRUG_SENSITIVITY	Gastrointestinal Stromal Tumor	None	NM_006206.4	ENST00000257290	LEVEL_1
PDGFRA	D842Y	108467	STANDARD_THERAPEUTIC_IMPLICATIONS_FOR_DRUG_SENSITIVITY	Gastrointestinal Stromal Tumor	None	NM_006206.4	ENST00000257290	LEVEL_1
PDGFRA	D842_H845del	108467	STANDARD_THERAPEUTIC_IMPLICATIONS_FOR_DRUG_SENSITIVITY	Gastrointestinal Stromal Tumor	None	NM_006206.4	ENST00000257290	LEVEL_1
PDGFRA	D842_H845insV	108467	STANDARD_THERAPEUTIC_IMPLICATIONS_FOR_DRUG_SENSITIVITY	Gastrointestinal Stromal Tumor	None	NM_006206.4	ENST00000257290	LEVEL_1
KRAS	Wildtype	93366	STANDARD_THERAPEUTIC_IMPLICATIONS_FOR_DRUG_SENSITIVITY	Colorectal Cancer	None	NM_033360.2	ENST00000256078	LEVEL_1
KRAS	Wildtype	93365	STANDARD_THERAPEUTIC_IMPLICATIONS_FOR_DRUG_SENSITIVITY	Colorectal Cancer	None	NM_033360.2	ENST00000256078	LEVEL_1
PDGFB	COL1A1-PDGFB Fusion	96952	STANDARD_THERAPEUTIC_IMPLICATIONS_FOR_DRUG_SENSITIVITY	"Skin Cancer, Non-Melanoma"	DFSP	NM_002608.2	ENST00000331163	LEVEL_1
TSC2	Oncogenic Mutations	103103	STANDARD_THERAPEUTIC_IMPLICATIONS_FOR_DRUG_SENSITIVITY	CNS Cancer	None	NM_000548.3	ENST00000219476	LEVEL_1
ALK	Fusions	104406	STANDARD_THERAPEUTIC_IMPLICATIONS_FOR_DRUG_SENSITIVITY	Non-Small Cell Lung Cancer	None	NM_004304.4	ENST00000389048	LEVEL_1
ALK	Fusions	104405	STANDARD_THERAPEUTIC_IMPLICATIONS_FOR_DRUG_SENSITIVITY	Non-Small Cell Lung Cancer	None	NM_004304.4	ENST00000389048	LEVEL_1
NTRK2	Fusions	96728	STANDARD_THERAPEUTIC_IMPLICATIONS_FOR_DRUG_SENSITIVITY	All Solid Tumors	None	NM_006180.3	ENST00000277120	LEVEL_1
NTRK2	Fusions	96727	STANDARD_THERAPEUTIC_IMPLICATIONS_FOR_DRUG_SENSITIVITY	All Solid Tumors	None	NM_006180.3	ENST00000277120	LEVEL_1
EGFR	S768I	111063	STANDARD_THERAPEUTIC_IMPLICATIONS_FOR_DRUG_SENSITIVITY	Non-Small Cell Lung Cancer	None	NM_005228.3	ENST00000275493	LEVEL_1
ALK	Fusions	104407	STANDARD_THERAPEUTIC_IMPLICATIONS_FOR_DRUG_SENSITIVITY	Non-Small Cell Lung Cancer	None	NM_004304.4	ENST00000389048	LEVEL_1
BRAF	V600E	105440	STANDARD_THERAPEUTIC_IMPLICATIONS_FOR_DRUG_SENSITIVITY	Melanoma	MEL	NM_004333.4	ENST00000288602	LEVEL_1
EGFR	L861Q	111072	STANDARD_THERAPEUTIC_IMPLICATIONS_FOR_DRUG_SENSITIVITY	Non-Small Cell Lung Cancer	NSCLC	NM_005228.3	ENST00000275493	LEVEL_1
BRAF	V600E	105439	STANDARD_THERAPEUTIC_IMPLICATIONS_FOR_DRUG_SENSITIVITY	Melanoma	MEL	NM_004333.4	ENST00000288602	LEVEL_1
ALK	Oncogenic Mutations	104415	STANDARD_THERAPEUTIC_IMPLICATIONS_FOR_DRUG_SENSITIVITY	Non-Small Cell Lung Cancer	None	NM_004304.4	ENST00000389048	LEVEL_1
BRAF	V600E	105442	STANDARD_THERAPEUTIC_IMPLICATIONS_FOR_DRUG_SENSITIVITY	Non-Small Cell Lung Cancer	None	NM_004333.4	ENST00000288602	LEVEL_1
BRAF	V600E	105444	STANDARD_THERAPEUTIC_IMPLICATIONS_FOR_DRUG_SENSITIVITY	Thyroid Cancer	THAP	NM_004333.4	ENST00000288602	LEVEL_1
FGFR2	Fusions	112108	STANDARD_THERAPEUTIC_IMPLICATIONS_FOR_DRUG_SENSITIVITY	Hepatobiliary Cancer	CHOL	NM_000141.4	ENST00000358487	LEVEL_1
FLT3	572_630ins	91117	STANDARD_THERAPEUTIC_IMPLICATIONS_FOR_DRUG_SENSITIVITY	Leukemia	AML	NM_004119.2	ENST00000241453	LEVEL_1
FLT3	I836	91117	STANDARD_THERAPEUTIC_IMPLICATIONS_FOR_DRUG_SENSITIVITY	Leukemia	AML	NM_004119.2	ENST00000241453	LEVEL_1
FLT3	D835	91117	STANDARD_THERAPEUTIC_IMPLICATIONS_FOR_DRUG_SENSITIVITY	Leukemia	AML	NM_004119.2	ENST00000241453	LEVEL_1
NTRK3	Fusions	96756	STANDARD_THERAPEUTIC_IMPLICATIONS_FOR_DRUG_SENSITIVITY	All Solid Tumors	None	NM_001012338.2	ENST00000360948	LEVEL_1
NTRK3	Fusions	96755	STANDARD_THERAPEUTIC_IMPLICATIONS_FOR_DRUG_SENSITIVITY	All Solid Tumors	None	NM_001012338.2	ENST00000360948	LEVEL_1
ERBB2	Amplification	112118	STANDARD_THERAPEUTIC_IMPLICATIONS_FOR_DRUG_SENSITIVITY	Breast Cancer	None	NM_004448.2	ENST00000269571	LEVEL_1
ERBB2	Amplification	112117	STANDARD_THERAPEUTIC_IMPLICATIONS_FOR_DRUG_SENSITIVITY	Breast Cancer	None	NM_004448.2	ENST00000269571	LEVEL_1
BRAF	V600	105464	STANDARD_THERAPEUTIC_IMPLICATIONS_FOR_DRUG_SENSITIVITY	Histiocytosis	ECD	NM_004333.4	ENST00000288602	LEVEL_1
MET	D1010	112129	STANDARD_THERAPEUTIC_IMPLICATIONS_FOR_DRUG_SENSITIVITY	Non-Small Cell Lung Cancer	None	NM_000245.2	ENST00000397752	LEVEL_1
MET	Y1003	112129	STANDARD_THERAPEUTIC_IMPLICATIONS_FOR_DRUG_SENSITIVITY	Non-Small Cell Lung Cancer	None	NM_000245.2	ENST00000397752	LEVEL_1
MET	963_1010splice	112129	STANDARD_THERAPEUTIC_IMPLICATIONS_FOR_DRUG_SENSITIVITY	Non-Small Cell Lung Cancer	None	NM_000245.2	ENST00000397752	LEVEL_1
MET	963_1010del	112129	STANDARD_THERAPEUTIC_IMPLICATIONS_FOR_DRUG_SENSITIVITY	Non-Small Cell Lung Cancer	None	NM_000245.2	ENST00000397752	LEVEL_1
BRAF	V600K	105480	STANDARD_THERAPEUTIC_IMPLICATIONS_FOR_DRUG_SENSITIVITY	Melanoma	MEL	NM_004333.4	ENST00000288602	LEVEL_1
BRAF	V600E	105480	STANDARD_THERAPEUTIC_IMPLICATIONS_FOR_DRUG_SENSITIVITY	Melanoma	MEL	NM_004333.4	ENST00000288602	LEVEL_1
BRAF	V600K	105482	STANDARD_THERAPEUTIC_IMPLICATIONS_FOR_DRUG_SENSITIVITY	Melanoma	MEL	NM_004333.4	ENST00000288602	LEVEL_1
BRAF	V600E	105482	STANDARD_THERAPEUTIC_IMPLICATIONS_FOR_DRUG_SENSITIVITY	Melanoma	MEL	NM_004333.4	ENST00000288602	LEVEL_1
BRAF	V600K	105481	STANDARD_THERAPEUTIC_IMPLICATIONS_FOR_DRUG_SENSITIVITY	Melanoma	MEL	NM_004333.4	ENST00000288602	LEVEL_1
BRAF	V600E	105481	STANDARD_THERAPEUTIC_IMPLICATIONS_FOR_DRUG_SENSITIVITY	Melanoma	MEL	NM_004333.4	ENST00000288602	LEVEL_1
RET	Oncogenic Mutations	112140	STANDARD_THERAPEUTIC_IMPLICATIONS_FOR_DRUG_SENSITIVITY	Thyroid Cancer	THME	NM_020975.4	ENST00000355710	LEVEL_1
BRAF	V600K	105483	STANDARD_THERAPEUTIC_IMPLICATIONS_FOR_DRUG_SENSITIVITY	Melanoma	MEL	NM_004333.4	ENST00000288602	LEVEL_1
BRAF	V600E	105483	STANDARD_THERAPEUTIC_IMPLICATIONS_FOR_DRUG_SENSITIVITY	Melanoma	MEL	NM_004333.4	ENST00000288602	LEVEL_1
BRCA2	Oncogenic Mutations	107024	STANDARD_THERAPEUTIC_IMPLICATIONS_FOR_DRUG_SENSITIVITY	Ovarian Cancer	None	NM_000059.3	ENST00000380152	LEVEL_1
RET	Fusions	112143	STANDARD_THERAPEUTIC_IMPLICATIONS_FOR_DRUG_SENSITIVITY	Non-Small Cell Lung Cancer	None	NM_020975.4	ENST00000355710	LEVEL_1
BRCA2	Oncogenic Mutations	107025	STANDARD_THERAPEUTIC_IMPLICATIONS_FOR_DRUG_SENSITIVITY	Ovarian Cancer	None	NM_000059.3	ENST00000380152	LEVEL_1
RET	Fusions	112147	STANDARD_THERAPEUTIC_IMPLICATIONS_FOR_DRUG_SENSITIVITY	Thyroid Cancer	None	NM_020975.4	ENST00000355710	LEVEL_1
BRCA2	Oncogenic Mutations	107030	STANDARD_THERAPEUTIC_IMPLICATIONS_FOR_DRUG_SENSITIVITY	"Peritoneal Cancer, NOS"	PSEC	NM_000059.3	ENST00000380152	LEVEL_1
IDH1	Oncogenic Mutations	91926	STANDARD_THERAPEUTIC_IMPLICATIONS_FOR_DRUG_SENSITIVITY	Leukemia	AML	NM_005896.2	ENST00000345146	LEVEL_1
BRCA2	Oncogenic Mutations	107029	STANDARD_THERAPEUTIC_IMPLICATIONS_FOR_DRUG_SENSITIVITY	"Peritoneal Cancer, NOS"	PSEC	NM_000059.3	ENST00000380152	LEVEL_1
ALK	Oncogenic Mutations	112153	STANDARD_THERAPEUTIC_IMPLICATIONS_FOR_DRUG_SENSITIVITY	Non-Small Cell Lung Cancer	None	NM_004304.4	ENST00000389048	LEVEL_1
ATM	Oncogenic Mutations	112160	STANDARD_THERAPEUTIC_IMPLICATIONS_FOR_DRUG_SENSITIVITY	Prostate Cancer	None	NM_000051.3	ENST00000278616	LEVEL_1
BARD1	Oncogenic Mutations	112162	STANDARD_THERAPEUTIC_IMPLICATIONS_FOR_DRUG_SENSITIVITY	Prostate Cancer	None	NM_000465.2	ENST00000260947	LEVEL_1
BRIP1	Oncogenic Mutations	112165	STANDARD_THERAPEUTIC_IMPLICATIONS_FOR_DRUG_SENSITIVITY	Prostate Cancer	None	NM_032043.2	ENST00000259008	LEVEL_1
ABL1	BCR-ABL1 Fusion	103720	STANDARD_THERAPEUTIC_IMPLICATIONS_FOR_DRUG_SENSITIVITY	B-Lymphoblastic Leukemia/Lymphoma	BLL	NM_005157.4	ENST00000318560	LEVEL_1
ABL1	BCR-ABL1 Fusion	103721	STANDARD_THERAPEUTIC_IMPLICATIONS_FOR_DRUG_SENSITIVITY	B-Lymphoblastic Leukemia/Lymphoma	BLL	NM_005157.4	ENST00000318560	LEVEL_1
ABL1	BCR-ABL1 Fusion	103724	STANDARD_THERAPEUTIC_IMPLICATIONS_FOR_DRUG_SENSITIVITY	B-Lymphoblastic Leukemia/Lymphoma	BLL	NM_005157.4	ENST00000318560	LEVEL_1
ABL1	BCR-ABL1 Fusion	103726	STANDARD_THERAPEUTIC_IMPLICATIONS_FOR_DRUG_SENSITIVITY	Myeloproliferative Neoplasms	CML	NM_005157.4	ENST00000318560	LEVEL_1
PIK3CA	Oncogenic Mutations	97325	STANDARD_THERAPEUTIC_IMPLICATIONS_FOR_DRUG_SENSITIVITY	Breast Cancer	None	NM_006218.2	ENST00000263967	LEVEL_1
CHEK1	Oncogenic Mutations	112173	STANDARD_THERAPEUTIC_IMPLICATIONS_FOR_DRUG_SENSITIVITY	Prostate Cancer	None	NM_001274.5	ENST00000428830	LEVEL_1
ABL1	BCR-ABL1 Fusion	103728	STANDARD_THERAPEUTIC_IMPLICATIONS_FOR_DRUG_SENSITIVITY	Myeloproliferative Neoplasms	CML	NM_005157.4	ENST00000318560	LEVEL_1
ABL1	BCR-ABL1 Fusion	103727	STANDARD_THERAPEUTIC_IMPLICATIONS_FOR_DRUG_SENSITIVITY	Myeloproliferative Neoplasms	CML	NM_005157.4	ENST00000318560	LEVEL_1
CHEK2	Oncogenic Mutations	112178	STANDARD_THERAPEUTIC_IMPLICATIONS_FOR_DRUG_SENSITIVITY	Prostate Cancer	None	NM_007194.3	ENST00000328354	LEVEL_1
ABL1	BCR-ABL1 Fusion	103729	STANDARD_THERAPEUTIC_IMPLICATIONS_FOR_DRUG_SENSITIVITY	Myeloproliferative Neoplasms	CML	NM_005157.4	ENST00000318560	LEVEL_1
ROS1	Fusions	100406	STANDARD_THERAPEUTIC_IMPLICATIONS_FOR_DRUG_SENSITIVITY	Non-Small Cell Lung Cancer	None	NM_002944.2	ENST00000368508	LEVEL_1
PALB2	Oncogenic Mutations	112181	STANDARD_THERAPEUTIC_IMPLICATIONS_FOR_DRUG_SENSITIVITY	Prostate Cancer	None	NM_024675.3	ENST00000261584	LEVEL_1
ROS1	Fusions	100405	STANDARD_THERAPEUTIC_IMPLICATIONS_FOR_DRUG_SENSITIVITY	Non-Small Cell Lung Cancer	None	NM_002944.2	ENST00000368508	LEVEL_1
RAD51B	Oncogenic Mutations	112184	STANDARD_THERAPEUTIC_IMPLICATIONS_FOR_DRUG_SENSITIVITY	Prostate Cancer	None	NM_133509.3	ENST00000487270	LEVEL_1
RAD51C	Oncogenic Mutations	112187	STANDARD_THERAPEUTIC_IMPLICATIONS_FOR_DRUG_SENSITIVITY	Prostate Cancer	None	NM_058216.2	ENST00000337432	LEVEL_1
RAD51D	Oncogenic Mutations	112190	STANDARD_THERAPEUTIC_IMPLICATIONS_FOR_DRUG_SENSITIVITY	Prostate Cancer	None	NM_133629.2	ENST00000335858	LEVEL_1
RAD54L	Oncogenic Mutations	112193	STANDARD_THERAPEUTIC_IMPLICATIONS_FOR_DRUG_SENSITIVITY	Prostate Cancer	None	NM_001142548.1	ENST00000371975	LEVEL_1
KIT	S501_A502dup	110660	STANDARD_THERAPEUTIC_IMPLICATIONS_FOR_DRUG_SENSITIVITY	Gastrointestinal Stromal Tumor	None	NM_000222.2	ENST00000288135	LEVEL_1
KIT	A502_Y503dup	110660	STANDARD_THERAPEUTIC_IMPLICATIONS_FOR_DRUG_SENSITIVITY	Gastrointestinal Stromal Tumor	None	NM_000222.2	ENST00000288135	LEVEL_1
KIT	K509I	110660	STANDARD_THERAPEUTIC_IMPLICATIONS_FOR_DRUG_SENSITIVITY	Gastrointestinal Stromal Tumor	None	NM_000222.2	ENST00000288135	LEVEL_1
KIT	N505I	110660	STANDARD_THERAPEUTIC_IMPLICATIONS_FOR_DRUG_SENSITIVITY	Gastrointestinal Stromal Tumor	None	NM_000222.2	ENST00000288135	LEVEL_1
KIT	S476I	110660	STANDARD_THERAPEUTIC_IMPLICATIONS_FOR_DRUG_SENSITIVITY	Gastrointestinal Stromal Tumor	None	NM_000222.2	ENST00000288135	LEVEL_1
BRCA1	Oncogenic Mutations	112196	STANDARD_THERAPEUTIC_IMPLICATIONS_FOR_DRUG_SENSITIVITY	Prostate Cancer	None	NM_007294.3	ENST00000357654	LEVEL_1
ERBB2	Amplification	88132	STANDARD_THERAPEUTIC_IMPLICATIONS_FOR_DRUG_SENSITIVITY	Breast Cancer	None	NM_004448.2	ENST00000269571	LEVEL_1
PDGFRA	FIP1L1-PDGFRA Fusion	97092	STANDARD_THERAPEUTIC_IMPLICATIONS_FOR_DRUG_SENSITIVITY	Myeloproliferative Neoplasms	CELNOS	NM_006206.4	ENST00000257290	LEVEL_1
KIT	S501_A502dup	110659	STANDARD_THERAPEUTIC_IMPLICATIONS_FOR_DRUG_SENSITIVITY	Gastrointestinal Stromal Tumor	None	NM_000222.2	ENST00000288135	LEVEL_1
KIT	A502_Y503dup	110659	STANDARD_THERAPEUTIC_IMPLICATIONS_FOR_DRUG_SENSITIVITY	Gastrointestinal Stromal Tumor	None	NM_000222.2	ENST00000288135	LEVEL_1
KIT	K509I	110659	STANDARD_THERAPEUTIC_IMPLICATIONS_FOR_DRUG_SENSITIVITY	Gastrointestinal Stromal Tumor	None	NM_000222.2	ENST00000288135	LEVEL_1
KIT	N505I	110659	STANDARD_THERAPEUTIC_IMPLICATIONS_FOR_DRUG_SENSITIVITY	Gastrointestinal Stromal Tumor	None	NM_000222.2	ENST00000288135	LEVEL_1
KIT	S476I	110659	STANDARD_THERAPEUTIC_IMPLICATIONS_FOR_DRUG_SENSITIVITY	Gastrointestinal Stromal Tumor	None	NM_000222.2	ENST00000288135	LEVEL_1
ERBB2	Amplification	88131	STANDARD_THERAPEUTIC_IMPLICATIONS_FOR_DRUG_SENSITIVITY	Breast Cancer	None	NM_004448.2	ENST00000269571	LEVEL_1
Other Biomarkers	MSI-H	96838	STANDARD_THERAPEUTIC_IMPLICATIONS_FOR_DRUG_SENSITIVITY	Colorectal Cancer	None	None	None	LEVEL_1
ERBB2	Amplification	88134	STANDARD_THERAPEUTIC_IMPLICATIONS_FOR_DRUG_SENSITIVITY	Breast Cancer	None	NM_004448.2	ENST00000269571	LEVEL_1
FLT3	Oncogenic Mutations	91206	STANDARD_THERAPEUTIC_IMPLICATIONS_FOR_DRUG_SENSITIVITY	Leukemia	AML	NM_004119.2	ENST00000241453	LEVEL_1
KIT	S501_A502dup	110661	STANDARD_THERAPEUTIC_IMPLICATIONS_FOR_DRUG_SENSITIVITY	Gastrointestinal Stromal Tumor	None	NM_000222.2	ENST00000288135	LEVEL_1
KIT	A502_Y503dup	110661	STANDARD_THERAPEUTIC_IMPLICATIONS_FOR_DRUG_SENSITIVITY	Gastrointestinal Stromal Tumor	None	NM_000222.2	ENST00000288135	LEVEL_1
KIT	K509I	110661	STANDARD_THERAPEUTIC_IMPLICATIONS_FOR_DRUG_SENSITIVITY	Gastrointestinal Stromal Tumor	None	NM_000222.2	ENST00000288135	LEVEL_1
KIT	N505I	110661	STANDARD_THERAPEUTIC_IMPLICATIONS_FOR_DRUG_SENSITIVITY	Gastrointestinal Stromal Tumor	None	NM_000222.2	ENST00000288135	LEVEL_1
KIT	S476I	110661	STANDARD_THERAPEUTIC_IMPLICATIONS_FOR_DRUG_SENSITIVITY	Gastrointestinal Stromal Tumor	None	NM_000222.2	ENST00000288135	LEVEL_1
BRCA1	Oncogenic Mutations	112197	STANDARD_THERAPEUTIC_IMPLICATIONS_FOR_DRUG_SENSITIVITY	Prostate Cancer	None	NM_007294.3	ENST00000357654	LEVEL_1
ERBB2	Amplification	88133	STANDARD_THERAPEUTIC_IMPLICATIONS_FOR_DRUG_SENSITIVITY	Breast Cancer	None	NM_004448.2	ENST00000269571	LEVEL_1
KIT	T574_R588delinsL	110664	STANDARD_THERAPEUTIC_IMPLICATIONS_FOR_DRUG_SENSITIVITY	Gastrointestinal Stromal Tumor	None	NM_000222.2	ENST00000288135	LEVEL_1
KIT	I563_L576del	110664	STANDARD_THERAPEUTIC_IMPLICATIONS_FOR_DRUG_SENSITIVITY	Gastrointestinal Stromal Tumor	None	NM_000222.2	ENST00000288135	LEVEL_1
KIT	W557C	110664	STANDARD_THERAPEUTIC_IMPLICATIONS_FOR_DRUG_SENSITIVITY	Gastrointestinal Stromal Tumor	None	NM_000222.2	ENST00000288135	LEVEL_1
KIT	K558_E562del	110664	STANDARD_THERAPEUTIC_IMPLICATIONS_FOR_DRUG_SENSITIVITY	Gastrointestinal Stromal Tumor	None	NM_000222.2	ENST00000288135	LEVEL_1
KIT	L576P	110664	STANDARD_THERAPEUTIC_IMPLICATIONS_FOR_DRUG_SENSITIVITY	Gastrointestinal Stromal Tumor	None	NM_000222.2	ENST00000288135	LEVEL_1
KIT	P577_R588dup	110664	STANDARD_THERAPEUTIC_IMPLICATIONS_FOR_DRUG_SENSITIVITY	Gastrointestinal Stromal Tumor	None	NM_000222.2	ENST00000288135	LEVEL_1
KIT	K550_G592del	110664	STANDARD_THERAPEUTIC_IMPLICATIONS_FOR_DRUG_SENSITIVITY	Gastrointestinal Stromal Tumor	None	NM_000222.2	ENST00000288135	LEVEL_1
KIT	E554_I571del	110664	STANDARD_THERAPEUTIC_IMPLICATIONS_FOR_DRUG_SENSITIVITY	Gastrointestinal Stromal Tumor	None	NM_000222.2	ENST00000288135	LEVEL_1
KIT	W557_V559delinsC	110664	STANDARD_THERAPEUTIC_IMPLICATIONS_FOR_DRUG_SENSITIVITY	Gastrointestinal Stromal Tumor	None	NM_000222.2	ENST00000288135	LEVEL_1
KIT	V555_V559del	110664	STANDARD_THERAPEUTIC_IMPLICATIONS_FOR_DRUG_SENSITIVITY	Gastrointestinal Stromal Tumor	None	NM_000222.2	ENST00000288135	LEVEL_1
KIT	K558N	110664	STANDARD_THERAPEUTIC_IMPLICATIONS_FOR_DRUG_SENSITIVITY	Gastrointestinal Stromal Tumor	None	NM_000222.2	ENST00000288135	LEVEL_1
KIT	P551_W557delinsL	110664	STANDARD_THERAPEUTIC_IMPLICATIONS_FOR_DRUG_SENSITIVITY	Gastrointestinal Stromal Tumor	None	NM_000222.2	ENST00000288135	LEVEL_1
KIT	W557_K558del	110664	STANDARD_THERAPEUTIC_IMPLICATIONS_FOR_DRUG_SENSITIVITY	Gastrointestinal Stromal Tumor	None	NM_000222.2	ENST00000288135	LEVEL_1
KIT	K558_V560del	110664	STANDARD_THERAPEUTIC_IMPLICATIONS_FOR_DRUG_SENSITIVITY	Gastrointestinal Stromal Tumor	None	NM_000222.2	ENST00000288135	LEVEL_1
KIT	P551_V555del	110664	STANDARD_THERAPEUTIC_IMPLICATIONS_FOR_DRUG_SENSITIVITY	Gastrointestinal Stromal Tumor	None	NM_000222.2	ENST00000288135	LEVEL_1
KIT	W557R	110664	STANDARD_THERAPEUTIC_IMPLICATIONS_FOR_DRUG_SENSITIVITY	Gastrointestinal Stromal Tumor	None	NM_000222.2	ENST00000288135	LEVEL_1
KIT	V560E	110664	STANDARD_THERAPEUTIC_IMPLICATIONS_FOR_DRUG_SENSITIVITY	Gastrointestinal Stromal Tumor	None	NM_000222.2	ENST00000288135	LEVEL_1
KIT	V559G	110664	STANDARD_THERAPEUTIC_IMPLICATIONS_FOR_DRUG_SENSITIVITY	Gastrointestinal Stromal Tumor	None	NM_000222.2	ENST00000288135	LEVEL_1
KIT	P551_E554del	110664	STANDARD_THERAPEUTIC_IMPLICATIONS_FOR_DRUG_SENSITIVITY	Gastrointestinal Stromal Tumor	None	NM_000222.2	ENST00000288135	LEVEL_1
KIT	Y553_Q556del	110664	STANDARD_THERAPEUTIC_IMPLICATIONS_FOR_DRUG_SENSITIVITY	Gastrointestinal Stromal Tumor	None	NM_000222.2	ENST00000288135	LEVEL_1
KIT	K550_K558del	110664	STANDARD_THERAPEUTIC_IMPLICATIONS_FOR_DRUG_SENSITIVITY	Gastrointestinal Stromal Tumor	None	NM_000222.2	ENST00000288135	LEVEL_1
KIT	V559D	110664	STANDARD_THERAPEUTIC_IMPLICATIONS_FOR_DRUG_SENSITIVITY	Gastrointestinal Stromal Tumor	None	NM_000222.2	ENST00000288135	LEVEL_1
KIT	Q556_K558del	110664	STANDARD_THERAPEUTIC_IMPLICATIONS_FOR_DRUG_SENSITIVITY	Gastrointestinal Stromal Tumor	None	NM_000222.2	ENST00000288135	LEVEL_1
KIT	N564_Y578del	110664	STANDARD_THERAPEUTIC_IMPLICATIONS_FOR_DRUG_SENSITIVITY	Gastrointestinal Stromal Tumor	None	NM_000222.2	ENST00000288135	LEVEL_1
KIT	V559del	110664	STANDARD_THERAPEUTIC_IMPLICATIONS_FOR_DRUG_SENSITIVITY	Gastrointestinal Stromal Tumor	None	NM_000222.2	ENST00000288135	LEVEL_1
KIT	Y568_L576delinsVN	110664	STANDARD_THERAPEUTIC_IMPLICATIONS_FOR_DRUG_SENSITIVITY	Gastrointestinal Stromal Tumor	None	NM_000222.2	ENST00000288135	LEVEL_1
KIT	K558_V559del	110664	STANDARD_THERAPEUTIC_IMPLICATIONS_FOR_DRUG_SENSITIVITY	Gastrointestinal Stromal Tumor	None	NM_000222.2	ENST00000288135	LEVEL_1
KIT	Y578C	110664	STANDARD_THERAPEUTIC_IMPLICATIONS_FOR_DRUG_SENSITIVITY	Gastrointestinal Stromal Tumor	None	NM_000222.2	ENST00000288135	LEVEL_1
KIT	V569_L576del	110664	STANDARD_THERAPEUTIC_IMPLICATIONS_FOR_DRUG_SENSITIVITY	Gastrointestinal Stromal Tumor	None	NM_000222.2	ENST00000288135	LEVEL_1
KIT	P573_D579del	110664	STANDARD_THERAPEUTIC_IMPLICATIONS_FOR_DRUG_SENSITIVITY	Gastrointestinal Stromal Tumor	None	NM_000222.2	ENST00000288135	LEVEL_1
KIT	P577_D579del	110664	STANDARD_THERAPEUTIC_IMPLICATIONS_FOR_DRUG_SENSITIVITY	Gastrointestinal Stromal Tumor	None	NM_000222.2	ENST00000288135	LEVEL_1
KIT	Q575_L576dup	110664	STANDARD_THERAPEUTIC_IMPLICATIONS_FOR_DRUG_SENSITIVITY	Gastrointestinal Stromal Tumor	None	NM_000222.2	ENST00000288135	LEVEL_1
KIT	V560G	110664	STANDARD_THERAPEUTIC_IMPLICATIONS_FOR_DRUG_SENSITIVITY	Gastrointestinal Stromal Tumor	None	NM_000222.2	ENST00000288135	LEVEL_1
KIT	K550_V555delinsI	110664	STANDARD_THERAPEUTIC_IMPLICATIONS_FOR_DRUG_SENSITIVITY	Gastrointestinal Stromal Tumor	None	NM_000222.2	ENST00000288135	LEVEL_1
KIT	V560D	110664	STANDARD_THERAPEUTIC_IMPLICATIONS_FOR_DRUG_SENSITIVITY	Gastrointestinal Stromal Tumor	None	NM_000222.2	ENST00000288135	LEVEL_1
KIT	P551_M552del	110664	STANDARD_THERAPEUTIC_IMPLICATIONS_FOR_DRUG_SENSITIVITY	Gastrointestinal Stromal Tumor	None	NM_000222.2	ENST00000288135	LEVEL_1
KIT	M552_W557del	110664	STANDARD_THERAPEUTIC_IMPLICATIONS_FOR_DRUG_SENSITIVITY	Gastrointestinal Stromal Tumor	None	NM_000222.2	ENST00000288135	LEVEL_1
KIT	V559I	110664	STANDARD_THERAPEUTIC_IMPLICATIONS_FOR_DRUG_SENSITIVITY	Gastrointestinal Stromal Tumor	None	NM_000222.2	ENST00000288135	LEVEL_1
KIT	M552_K558del	110664	STANDARD_THERAPEUTIC_IMPLICATIONS_FOR_DRUG_SENSITIVITY	Gastrointestinal Stromal Tumor	None	NM_000222.2	ENST00000288135	LEVEL_1
KIT	W557G	110664	STANDARD_THERAPEUTIC_IMPLICATIONS_FOR_DRUG_SENSITIVITY	Gastrointestinal Stromal Tumor	None	NM_000222.2	ENST00000288135	LEVEL_1
KIT	V560del	110664	STANDARD_THERAPEUTIC_IMPLICATIONS_FOR_DRUG_SENSITIVITY	Gastrointestinal Stromal Tumor	None	NM_000222.2	ENST00000288135	LEVEL_1
KIT	E554_V559del	110664	STANDARD_THERAPEUTIC_IMPLICATIONS_FOR_DRUG_SENSITIVITY	Gastrointestinal Stromal Tumor	None	NM_000222.2	ENST00000288135	LEVEL_1
KIT	V555_L576del	110664	STANDARD_THERAPEUTIC_IMPLICATIONS_FOR_DRUG_SENSITIVITY	Gastrointestinal Stromal Tumor	None	NM_000222.2	ENST00000288135	LEVEL_1
KIT	V559A	110664	STANDARD_THERAPEUTIC_IMPLICATIONS_FOR_DRUG_SENSITIVITY	Gastrointestinal Stromal Tumor	None	NM_000222.2	ENST00000288135	LEVEL_1
KIT	D579_H580insFNPTQLPYD	110664	STANDARD_THERAPEUTIC_IMPLICATIONS_FOR_DRUG_SENSITIVITY	Gastrointestinal Stromal Tumor	None	NM_000222.2	ENST00000288135	LEVEL_1
KIT	W557_V560del	110664	STANDARD_THERAPEUTIC_IMPLICATIONS_FOR_DRUG_SENSITIVITY	Gastrointestinal Stromal Tumor	None	NM_000222.2	ENST00000288135	LEVEL_1
KIT	K558delinsNP	110664	STANDARD_THERAPEUTIC_IMPLICATIONS_FOR_DRUG_SENSITIVITY	Gastrointestinal Stromal Tumor	None	NM_000222.2	ENST00000288135	LEVEL_1
KIT	T574insTQLPYD	110664	STANDARD_THERAPEUTIC_IMPLICATIONS_FOR_DRUG_SENSITIVITY	Gastrointestinal Stromal Tumor	None	NM_000222.2	ENST00000288135	LEVEL_1
KIT	P577_W582delinsPYD	110664	STANDARD_THERAPEUTIC_IMPLICATIONS_FOR_DRUG_SENSITIVITY	Gastrointestinal Stromal Tumor	None	NM_000222.2	ENST00000288135	LEVEL_1
KIT	Y553_K558del	110664	STANDARD_THERAPEUTIC_IMPLICATIONS_FOR_DRUG_SENSITIVITY	Gastrointestinal Stromal Tumor	None	NM_000222.2	ENST00000288135	LEVEL_1
KIT	Y578_D579insEQQLPY	110664	STANDARD_THERAPEUTIC_IMPLICATIONS_FOR_DRUG_SENSITIVITY	Gastrointestinal Stromal Tumor	None	NM_000222.2	ENST00000288135	LEVEL_1
KIT	D579_H580insLPCD	110664	STANDARD_THERAPEUTIC_IMPLICATIONS_FOR_DRUG_SENSITIVITY	Gastrointestinal Stromal Tumor	None	NM_000222.2	ENST00000288135	LEVEL_1
KIT	D579del	110664	STANDARD_THERAPEUTIC_IMPLICATIONS_FOR_DRUG_SENSITIVITY	Gastrointestinal Stromal Tumor	None	NM_000222.2	ENST00000288135	LEVEL_1
KIT	D572A	110664	STANDARD_THERAPEUTIC_IMPLICATIONS_FOR_DRUG_SENSITIVITY	Gastrointestinal Stromal Tumor	None	NM_000222.2	ENST00000288135	LEVEL_1
KIT	V559_G565del	110664	STANDARD_THERAPEUTIC_IMPLICATIONS_FOR_DRUG_SENSITIVITY	Gastrointestinal Stromal Tumor	None	NM_000222.2	ENST00000288135	LEVEL_1
KIT	L576del	110664	STANDARD_THERAPEUTIC_IMPLICATIONS_FOR_DRUG_SENSITIVITY	Gastrointestinal Stromal Tumor	None	NM_000222.2	ENST00000288135	LEVEL_1
KIT	Q575_P585dup	110664	STANDARD_THERAPEUTIC_IMPLICATIONS_FOR_DRUG_SENSITIVITY	Gastrointestinal Stromal Tumor	None	NM_000222.2	ENST00000288135	LEVEL_1
KIT	P573Q	110664	STANDARD_THERAPEUTIC_IMPLICATIONS_FOR_DRUG_SENSITIVITY	Gastrointestinal Stromal Tumor	None	NM_000222.2	ENST00000288135	LEVEL_1
KIT	E554_K558del	110664	STANDARD_THERAPEUTIC_IMPLICATIONS_FOR_DRUG_SENSITIVITY	Gastrointestinal Stromal Tumor	None	NM_000222.2	ENST00000288135	LEVEL_1
KIT	V559F	110664	STANDARD_THERAPEUTIC_IMPLICATIONS_FOR_DRUG_SENSITIVITY	Gastrointestinal Stromal Tumor	None	NM_000222.2	ENST00000288135	LEVEL_1
KIT	D572_P573dup	110664	STANDARD_THERAPEUTIC_IMPLICATIONS_FOR_DRUG_SENSITIVITY	Gastrointestinal Stromal Tumor	None	NM_000222.2	ENST00000288135	LEVEL_1
KIT	V559C	110664	STANDARD_THERAPEUTIC_IMPLICATIONS_FOR_DRUG_SENSITIVITY	Gastrointestinal Stromal Tumor	None	NM_000222.2	ENST00000288135	LEVEL_1
KIT	V559_V560del	110664	STANDARD_THERAPEUTIC_IMPLICATIONS_FOR_DRUG_SENSITIVITY	Gastrointestinal Stromal Tumor	None	NM_000222.2	ENST00000288135	LEVEL_1
KIT	Y578_D579dup	110664	STANDARD_THERAPEUTIC_IMPLICATIONS_FOR_DRUG_SENSITIVITY	Gastrointestinal Stromal Tumor	None	NM_000222.2	ENST00000288135	LEVEL_1
KIT	K550_W557del	110664	STANDARD_THERAPEUTIC_IMPLICATIONS_FOR_DRUG_SENSITIVITY	Gastrointestinal Stromal Tumor	None	NM_000222.2	ENST00000288135	LEVEL_1
BRCA2	Oncogenic Mutations	112200	STANDARD_THERAPEUTIC_IMPLICATIONS_FOR_DRUG_SENSITIVITY	Prostate Cancer	None	NM_000059.3	ENST00000380152	LEVEL_1
ERBB2	Amplification	88136	STANDARD_THERAPEUTIC_IMPLICATIONS_FOR_DRUG_SENSITIVITY	Breast Cancer	None	NM_004448.2	ENST00000269571	LEVEL_1
Other Biomarkers	MSI-H	96839	STANDARD_THERAPEUTIC_IMPLICATIONS_FOR_DRUG_SENSITIVITY	Colorectal Cancer	None	None	None	LEVEL_1
BRCA2	Oncogenic Mutations	112199	STANDARD_THERAPEUTIC_IMPLICATIONS_FOR_DRUG_SENSITIVITY	Prostate Cancer	None	NM_000059.3	ENST00000380152	LEVEL_1
ERBB2	Amplification	88135	STANDARD_THERAPEUTIC_IMPLICATIONS_FOR_DRUG_SENSITIVITY	Breast Cancer	None	NM_004448.2	ENST00000269571	LEVEL_1
KIT	T574_R588delinsL	110666	STANDARD_THERAPEUTIC_IMPLICATIONS_FOR_DRUG_SENSITIVITY	Gastrointestinal Stromal Tumor	None	NM_000222.2	ENST00000288135	LEVEL_1
KIT	I563_L576del	110666	STANDARD_THERAPEUTIC_IMPLICATIONS_FOR_DRUG_SENSITIVITY	Gastrointestinal Stromal Tumor	None	NM_000222.2	ENST00000288135	LEVEL_1
KIT	W557C	110666	STANDARD_THERAPEUTIC_IMPLICATIONS_FOR_DRUG_SENSITIVITY	Gastrointestinal Stromal Tumor	None	NM_000222.2	ENST00000288135	LEVEL_1
KIT	K558_E562del	110666	STANDARD_THERAPEUTIC_IMPLICATIONS_FOR_DRUG_SENSITIVITY	Gastrointestinal Stromal Tumor	None	NM_000222.2	ENST00000288135	LEVEL_1
KIT	L576P	110666	STANDARD_THERAPEUTIC_IMPLICATIONS_FOR_DRUG_SENSITIVITY	Gastrointestinal Stromal Tumor	None	NM_000222.2	ENST00000288135	LEVEL_1
KIT	P577_R588dup	110666	STANDARD_THERAPEUTIC_IMPLICATIONS_FOR_DRUG_SENSITIVITY	Gastrointestinal Stromal Tumor	None	NM_000222.2	ENST00000288135	LEVEL_1
KIT	K550_G592del	110666	STANDARD_THERAPEUTIC_IMPLICATIONS_FOR_DRUG_SENSITIVITY	Gastrointestinal Stromal Tumor	None	NM_000222.2	ENST00000288135	LEVEL_1
KIT	E554_I571del	110666	STANDARD_THERAPEUTIC_IMPLICATIONS_FOR_DRUG_SENSITIVITY	Gastrointestinal Stromal Tumor	None	NM_000222.2	ENST00000288135	LEVEL_1
KIT	W557_V559delinsC	110666	STANDARD_THERAPEUTIC_IMPLICATIONS_FOR_DRUG_SENSITIVITY	Gastrointestinal Stromal Tumor	None	NM_000222.2	ENST00000288135	LEVEL_1
KIT	V555_V559del	110666	STANDARD_THERAPEUTIC_IMPLICATIONS_FOR_DRUG_SENSITIVITY	Gastrointestinal Stromal Tumor	None	NM_000222.2	ENST00000288135	LEVEL_1
KIT	K558N	110666	STANDARD_THERAPEUTIC_IMPLICATIONS_FOR_DRUG_SENSITIVITY	Gastrointestinal Stromal Tumor	None	NM_000222.2	ENST00000288135	LEVEL_1
KIT	P551_W557delinsL	110666	STANDARD_THERAPEUTIC_IMPLICATIONS_FOR_DRUG_SENSITIVITY	Gastrointestinal Stromal Tumor	None	NM_000222.2	ENST00000288135	LEVEL_1
KIT	W557_K558del	110666	STANDARD_THERAPEUTIC_IMPLICATIONS_FOR_DRUG_SENSITIVITY	Gastrointestinal Stromal Tumor	None	NM_000222.2	ENST00000288135	LEVEL_1
KIT	K558_V560del	110666	STANDARD_THERAPEUTIC_IMPLICATIONS_FOR_DRUG_SENSITIVITY	Gastrointestinal Stromal Tumor	None	NM_000222.2	ENST00000288135	LEVEL_1
KIT	P551_V555del	110666	STANDARD_THERAPEUTIC_IMPLICATIONS_FOR_DRUG_SENSITIVITY	Gastrointestinal Stromal Tumor	None	NM_000222.2	ENST00000288135	LEVEL_1
KIT	W557R	110666	STANDARD_THERAPEUTIC_IMPLICATIONS_FOR_DRUG_SENSITIVITY	Gastrointestinal Stromal Tumor	None	NM_000222.2	ENST00000288135	LEVEL_1
KIT	V560E	110666	STANDARD_THERAPEUTIC_IMPLICATIONS_FOR_DRUG_SENSITIVITY	Gastrointestinal Stromal Tumor	None	NM_000222.2	ENST00000288135	LEVEL_1
KIT	V559G	110666	STANDARD_THERAPEUTIC_IMPLICATIONS_FOR_DRUG_SENSITIVITY	Gastrointestinal Stromal Tumor	None	NM_000222.2	ENST00000288135	LEVEL_1
KIT	P551_E554del	110666	STANDARD_THERAPEUTIC_IMPLICATIONS_FOR_DRUG_SENSITIVITY	Gastrointestinal Stromal Tumor	None	NM_000222.2	ENST00000288135	LEVEL_1
KIT	Y553_Q556del	110666	STANDARD_THERAPEUTIC_IMPLICATIONS_FOR_DRUG_SENSITIVITY	Gastrointestinal Stromal Tumor	None	NM_000222.2	ENST00000288135	LEVEL_1
KIT	K550_K558del	110666	STANDARD_THERAPEUTIC_IMPLICATIONS_FOR_DRUG_SENSITIVITY	Gastrointestinal Stromal Tumor	None	NM_000222.2	ENST00000288135	LEVEL_1
KIT	V559D	110666	STANDARD_THERAPEUTIC_IMPLICATIONS_FOR_DRUG_SENSITIVITY	Gastrointestinal Stromal Tumor	None	NM_000222.2	ENST00000288135	LEVEL_1
KIT	Q556_K558del	110666	STANDARD_THERAPEUTIC_IMPLICATIONS_FOR_DRUG_SENSITIVITY	Gastrointestinal Stromal Tumor	None	NM_000222.2	ENST00000288135	LEVEL_1
KIT	N564_Y578del	110666	STANDARD_THERAPEUTIC_IMPLICATIONS_FOR_DRUG_SENSITIVITY	Gastrointestinal Stromal Tumor	None	NM_000222.2	ENST00000288135	LEVEL_1
KIT	V559del	110666	STANDARD_THERAPEUTIC_IMPLICATIONS_FOR_DRUG_SENSITIVITY	Gastrointestinal Stromal Tumor	None	NM_000222.2	ENST00000288135	LEVEL_1
KIT	Y568_L576delinsVN	110666	STANDARD_THERAPEUTIC_IMPLICATIONS_FOR_DRUG_SENSITIVITY	Gastrointestinal Stromal Tumor	None	NM_000222.2	ENST00000288135	LEVEL_1
KIT	K558_V559del	110666	STANDARD_THERAPEUTIC_IMPLICATIONS_FOR_DRUG_SENSITIVITY	Gastrointestinal Stromal Tumor	None	NM_000222.2	ENST00000288135	LEVEL_1
KIT	Y578C	110666	STANDARD_THERAPEUTIC_IMPLICATIONS_FOR_DRUG_SENSITIVITY	Gastrointestinal Stromal Tumor	None	NM_000222.2	ENST00000288135	LEVEL_1
KIT	V569_L576del	110666	STANDARD_THERAPEUTIC_IMPLICATIONS_FOR_DRUG_SENSITIVITY	Gastrointestinal Stromal Tumor	None	NM_000222.2	ENST00000288135	LEVEL_1
KIT	P573_D579del	110666	STANDARD_THERAPEUTIC_IMPLICATIONS_FOR_DRUG_SENSITIVITY	Gastrointestinal Stromal Tumor	None	NM_000222.2	ENST00000288135	LEVEL_1
KIT	P577_D579del	110666	STANDARD_THERAPEUTIC_IMPLICATIONS_FOR_DRUG_SENSITIVITY	Gastrointestinal Stromal Tumor	None	NM_000222.2	ENST00000288135	LEVEL_1
KIT	Q575_L576dup	110666	STANDARD_THERAPEUTIC_IMPLICATIONS_FOR_DRUG_SENSITIVITY	Gastrointestinal Stromal Tumor	None	NM_000222.2	ENST00000288135	LEVEL_1
KIT	V560G	110666	STANDARD_THERAPEUTIC_IMPLICATIONS_FOR_DRUG_SENSITIVITY	Gastrointestinal Stromal Tumor	None	NM_000222.2	ENST00000288135	LEVEL_1
KIT	K550_V555delinsI	110666	STANDARD_THERAPEUTIC_IMPLICATIONS_FOR_DRUG_SENSITIVITY	Gastrointestinal Stromal Tumor	None	NM_000222.2	ENST00000288135	LEVEL_1
KIT	V560D	110666	STANDARD_THERAPEUTIC_IMPLICATIONS_FOR_DRUG_SENSITIVITY	Gastrointestinal Stromal Tumor	None	NM_000222.2	ENST00000288135	LEVEL_1
KIT	P551_M552del	110666	STANDARD_THERAPEUTIC_IMPLICATIONS_FOR_DRUG_SENSITIVITY	Gastrointestinal Stromal Tumor	None	NM_000222.2	ENST00000288135	LEVEL_1
KIT	M552_W557del	110666	STANDARD_THERAPEUTIC_IMPLICATIONS_FOR_DRUG_SENSITIVITY	Gastrointestinal Stromal Tumor	None	NM_000222.2	ENST00000288135	LEVEL_1
KIT	V559I	110666	STANDARD_THERAPEUTIC_IMPLICATIONS_FOR_DRUG_SENSITIVITY	Gastrointestinal Stromal Tumor	None	NM_000222.2	ENST00000288135	LEVEL_1
KIT	M552_K558del	110666	STANDARD_THERAPEUTIC_IMPLICATIONS_FOR_DRUG_SENSITIVITY	Gastrointestinal Stromal Tumor	None	NM_000222.2	ENST00000288135	LEVEL_1
KIT	W557G	110666	STANDARD_THERAPEUTIC_IMPLICATIONS_FOR_DRUG_SENSITIVITY	Gastrointestinal Stromal Tumor	None	NM_000222.2	ENST00000288135	LEVEL_1
KIT	V560del	110666	STANDARD_THERAPEUTIC_IMPLICATIONS_FOR_DRUG_SENSITIVITY	Gastrointestinal Stromal Tumor	None	NM_000222.2	ENST00000288135	LEVEL_1
KIT	E554_V559del	110666	STANDARD_THERAPEUTIC_IMPLICATIONS_FOR_DRUG_SENSITIVITY	Gastrointestinal Stromal Tumor	None	NM_000222.2	ENST00000288135	LEVEL_1
KIT	V555_L576del	110666	STANDARD_THERAPEUTIC_IMPLICATIONS_FOR_DRUG_SENSITIVITY	Gastrointestinal Stromal Tumor	None	NM_000222.2	ENST00000288135	LEVEL_1
KIT	V559A	110666	STANDARD_THERAPEUTIC_IMPLICATIONS_FOR_DRUG_SENSITIVITY	Gastrointestinal Stromal Tumor	None	NM_000222.2	ENST00000288135	LEVEL_1
KIT	D579_H580insFNPTQLPYD	110666	STANDARD_THERAPEUTIC_IMPLICATIONS_FOR_DRUG_SENSITIVITY	Gastrointestinal Stromal Tumor	None	NM_000222.2	ENST00000288135	LEVEL_1
KIT	W557_V560del	110666	STANDARD_THERAPEUTIC_IMPLICATIONS_FOR_DRUG_SENSITIVITY	Gastrointestinal Stromal Tumor	None	NM_000222.2	ENST00000288135	LEVEL_1
KIT	K558delinsNP	110666	STANDARD_THERAPEUTIC_IMPLICATIONS_FOR_DRUG_SENSITIVITY	Gastrointestinal Stromal Tumor	None	NM_000222.2	ENST00000288135	LEVEL_1
KIT	T574insTQLPYD	110666	STANDARD_THERAPEUTIC_IMPLICATIONS_FOR_DRUG_SENSITIVITY	Gastrointestinal Stromal Tumor	None	NM_000222.2	ENST00000288135	LEVEL_1
KIT	P577_W582delinsPYD	110666	STANDARD_THERAPEUTIC_IMPLICATIONS_FOR_DRUG_SENSITIVITY	Gastrointestinal Stromal Tumor	None	NM_000222.2	ENST00000288135	LEVEL_1
KIT	Y553_K558del	110666	STANDARD_THERAPEUTIC_IMPLICATIONS_FOR_DRUG_SENSITIVITY	Gastrointestinal Stromal Tumor	None	NM_000222.2	ENST00000288135	LEVEL_1
KIT	Y578_D579insEQQLPY	110666	STANDARD_THERAPEUTIC_IMPLICATIONS_FOR_DRUG_SENSITIVITY	Gastrointestinal Stromal Tumor	None	NM_000222.2	ENST00000288135	LEVEL_1
KIT	D579_H580insLPCD	110666	STANDARD_THERAPEUTIC_IMPLICATIONS_FOR_DRUG_SENSITIVITY	Gastrointestinal Stromal Tumor	None	NM_000222.2	ENST00000288135	LEVEL_1
KIT	D579del	110666	STANDARD_THERAPEUTIC_IMPLICATIONS_FOR_DRUG_SENSITIVITY	Gastrointestinal Stromal Tumor	None	NM_000222.2	ENST00000288135	LEVEL_1
KIT	D572A	110666	STANDARD_THERAPEUTIC_IMPLICATIONS_FOR_DRUG_SENSITIVITY	Gastrointestinal Stromal Tumor	None	NM_000222.2	ENST00000288135	LEVEL_1
KIT	V559_G565del	110666	STANDARD_THERAPEUTIC_IMPLICATIONS_FOR_DRUG_SENSITIVITY	Gastrointestinal Stromal Tumor	None	NM_000222.2	ENST00000288135	LEVEL_1
KIT	L576del	110666	STANDARD_THERAPEUTIC_IMPLICATIONS_FOR_DRUG_SENSITIVITY	Gastrointestinal Stromal Tumor	None	NM_000222.2	ENST00000288135	LEVEL_1
KIT	Q575_P585dup	110666	STANDARD_THERAPEUTIC_IMPLICATIONS_FOR_DRUG_SENSITIVITY	Gastrointestinal Stromal Tumor	None	NM_000222.2	ENST00000288135	LEVEL_1
KIT	P573Q	110666	STANDARD_THERAPEUTIC_IMPLICATIONS_FOR_DRUG_SENSITIVITY	Gastrointestinal Stromal Tumor	None	NM_000222.2	ENST00000288135	LEVEL_1
KIT	E554_K558del	110666	STANDARD_THERAPEUTIC_IMPLICATIONS_FOR_DRUG_SENSITIVITY	Gastrointestinal Stromal Tumor	None	NM_000222.2	ENST00000288135	LEVEL_1
KIT	V559F	110666	STANDARD_THERAPEUTIC_IMPLICATIONS_FOR_DRUG_SENSITIVITY	Gastrointestinal Stromal Tumor	None	NM_000222.2	ENST00000288135	LEVEL_1
KIT	D572_P573dup	110666	STANDARD_THERAPEUTIC_IMPLICATIONS_FOR_DRUG_SENSITIVITY	Gastrointestinal Stromal Tumor	None	NM_000222.2	ENST00000288135	LEVEL_1
KIT	V559C	110666	STANDARD_THERAPEUTIC_IMPLICATIONS_FOR_DRUG_SENSITIVITY	Gastrointestinal Stromal Tumor	None	NM_000222.2	ENST00000288135	LEVEL_1
KIT	V559_V560del	110666	STANDARD_THERAPEUTIC_IMPLICATIONS_FOR_DRUG_SENSITIVITY	Gastrointestinal Stromal Tumor	None	NM_000222.2	ENST00000288135	LEVEL_1
KIT	Y578_D579dup	110666	STANDARD_THERAPEUTIC_IMPLICATIONS_FOR_DRUG_SENSITIVITY	Gastrointestinal Stromal Tumor	None	NM_000222.2	ENST00000288135	LEVEL_1
KIT	K550_W557del	110666	STANDARD_THERAPEUTIC_IMPLICATIONS_FOR_DRUG_SENSITIVITY	Gastrointestinal Stromal Tumor	None	NM_000222.2	ENST00000288135	LEVEL_1
ERBB2	Amplification	88138	STANDARD_THERAPEUTIC_IMPLICATIONS_FOR_DRUG_SENSITIVITY	Esophagogastric Cancer	None	NM_004448.2	ENST00000269571	LEVEL_1
Other Biomarkers	MSI-H	96841	STANDARD_THERAPEUTIC_IMPLICATIONS_FOR_DRUG_SENSITIVITY	All Solid Tumors	None	None	None	LEVEL_1
KIT	T574_R588delinsL	110665	STANDARD_THERAPEUTIC_IMPLICATIONS_FOR_DRUG_SENSITIVITY	Gastrointestinal Stromal Tumor	None	NM_000222.2	ENST00000288135	LEVEL_1
KIT	I563_L576del	110665	STANDARD_THERAPEUTIC_IMPLICATIONS_FOR_DRUG_SENSITIVITY	Gastrointestinal Stromal Tumor	None	NM_000222.2	ENST00000288135	LEVEL_1
KIT	W557C	110665	STANDARD_THERAPEUTIC_IMPLICATIONS_FOR_DRUG_SENSITIVITY	Gastrointestinal Stromal Tumor	None	NM_000222.2	ENST00000288135	LEVEL_1
KIT	K558_E562del	110665	STANDARD_THERAPEUTIC_IMPLICATIONS_FOR_DRUG_SENSITIVITY	Gastrointestinal Stromal Tumor	None	NM_000222.2	ENST00000288135	LEVEL_1
KIT	L576P	110665	STANDARD_THERAPEUTIC_IMPLICATIONS_FOR_DRUG_SENSITIVITY	Gastrointestinal Stromal Tumor	None	NM_000222.2	ENST00000288135	LEVEL_1
KIT	P577_R588dup	110665	STANDARD_THERAPEUTIC_IMPLICATIONS_FOR_DRUG_SENSITIVITY	Gastrointestinal Stromal Tumor	None	NM_000222.2	ENST00000288135	LEVEL_1
KIT	K550_G592del	110665	STANDARD_THERAPEUTIC_IMPLICATIONS_FOR_DRUG_SENSITIVITY	Gastrointestinal Stromal Tumor	None	NM_000222.2	ENST00000288135	LEVEL_1
KIT	E554_I571del	110665	STANDARD_THERAPEUTIC_IMPLICATIONS_FOR_DRUG_SENSITIVITY	Gastrointestinal Stromal Tumor	None	NM_000222.2	ENST00000288135	LEVEL_1
KIT	W557_V559delinsC	110665	STANDARD_THERAPEUTIC_IMPLICATIONS_FOR_DRUG_SENSITIVITY	Gastrointestinal Stromal Tumor	None	NM_000222.2	ENST00000288135	LEVEL_1
KIT	V555_V559del	110665	STANDARD_THERAPEUTIC_IMPLICATIONS_FOR_DRUG_SENSITIVITY	Gastrointestinal Stromal Tumor	None	NM_000222.2	ENST00000288135	LEVEL_1
KIT	K558N	110665	STANDARD_THERAPEUTIC_IMPLICATIONS_FOR_DRUG_SENSITIVITY	Gastrointestinal Stromal Tumor	None	NM_000222.2	ENST00000288135	LEVEL_1
KIT	P551_W557delinsL	110665	STANDARD_THERAPEUTIC_IMPLICATIONS_FOR_DRUG_SENSITIVITY	Gastrointestinal Stromal Tumor	None	NM_000222.2	ENST00000288135	LEVEL_1
KIT	W557_K558del	110665	STANDARD_THERAPEUTIC_IMPLICATIONS_FOR_DRUG_SENSITIVITY	Gastrointestinal Stromal Tumor	None	NM_000222.2	ENST00000288135	LEVEL_1
KIT	K558_V560del	110665	STANDARD_THERAPEUTIC_IMPLICATIONS_FOR_DRUG_SENSITIVITY	Gastrointestinal Stromal Tumor	None	NM_000222.2	ENST00000288135	LEVEL_1
KIT	P551_V555del	110665	STANDARD_THERAPEUTIC_IMPLICATIONS_FOR_DRUG_SENSITIVITY	Gastrointestinal Stromal Tumor	None	NM_000222.2	ENST00000288135	LEVEL_1
KIT	W557R	110665	STANDARD_THERAPEUTIC_IMPLICATIONS_FOR_DRUG_SENSITIVITY	Gastrointestinal Stromal Tumor	None	NM_000222.2	ENST00000288135	LEVEL_1
KIT	V560E	110665	STANDARD_THERAPEUTIC_IMPLICATIONS_FOR_DRUG_SENSITIVITY	Gastrointestinal Stromal Tumor	None	NM_000222.2	ENST00000288135	LEVEL_1
KIT	V559G	110665	STANDARD_THERAPEUTIC_IMPLICATIONS_FOR_DRUG_SENSITIVITY	Gastrointestinal Stromal Tumor	None	NM_000222.2	ENST00000288135	LEVEL_1
KIT	P551_E554del	110665	STANDARD_THERAPEUTIC_IMPLICATIONS_FOR_DRUG_SENSITIVITY	Gastrointestinal Stromal Tumor	None	NM_000222.2	ENST00000288135	LEVEL_1
KIT	Y553_Q556del	110665	STANDARD_THERAPEUTIC_IMPLICATIONS_FOR_DRUG_SENSITIVITY	Gastrointestinal Stromal Tumor	None	NM_000222.2	ENST00000288135	LEVEL_1
KIT	K550_K558del	110665	STANDARD_THERAPEUTIC_IMPLICATIONS_FOR_DRUG_SENSITIVITY	Gastrointestinal Stromal Tumor	None	NM_000222.2	ENST00000288135	LEVEL_1
KIT	V559D	110665	STANDARD_THERAPEUTIC_IMPLICATIONS_FOR_DRUG_SENSITIVITY	Gastrointestinal Stromal Tumor	None	NM_000222.2	ENST00000288135	LEVEL_1
KIT	Q556_K558del	110665	STANDARD_THERAPEUTIC_IMPLICATIONS_FOR_DRUG_SENSITIVITY	Gastrointestinal Stromal Tumor	None	NM_000222.2	ENST00000288135	LEVEL_1
KIT	N564_Y578del	110665	STANDARD_THERAPEUTIC_IMPLICATIONS_FOR_DRUG_SENSITIVITY	Gastrointestinal Stromal Tumor	None	NM_000222.2	ENST00000288135	LEVEL_1
KIT	V559del	110665	STANDARD_THERAPEUTIC_IMPLICATIONS_FOR_DRUG_SENSITIVITY	Gastrointestinal Stromal Tumor	None	NM_000222.2	ENST00000288135	LEVEL_1
KIT	Y568_L576delinsVN	110665	STANDARD_THERAPEUTIC_IMPLICATIONS_FOR_DRUG_SENSITIVITY	Gastrointestinal Stromal Tumor	None	NM_000222.2	ENST00000288135	LEVEL_1
KIT	K558_V559del	110665	STANDARD_THERAPEUTIC_IMPLICATIONS_FOR_DRUG_SENSITIVITY	Gastrointestinal Stromal Tumor	None	NM_000222.2	ENST00000288135	LEVEL_1
KIT	Y578C	110665	STANDARD_THERAPEUTIC_IMPLICATIONS_FOR_DRUG_SENSITIVITY	Gastrointestinal Stromal Tumor	None	NM_000222.2	ENST00000288135	LEVEL_1
KIT	V569_L576del	110665	STANDARD_THERAPEUTIC_IMPLICATIONS_FOR_DRUG_SENSITIVITY	Gastrointestinal Stromal Tumor	None	NM_000222.2	ENST00000288135	LEVEL_1
KIT	P573_D579del	110665	STANDARD_THERAPEUTIC_IMPLICATIONS_FOR_DRUG_SENSITIVITY	Gastrointestinal Stromal Tumor	None	NM_000222.2	ENST00000288135	LEVEL_1
KIT	P577_D579del	110665	STANDARD_THERAPEUTIC_IMPLICATIONS_FOR_DRUG_SENSITIVITY	Gastrointestinal Stromal Tumor	None	NM_000222.2	ENST00000288135	LEVEL_1
KIT	Q575_L576dup	110665	STANDARD_THERAPEUTIC_IMPLICATIONS_FOR_DRUG_SENSITIVITY	Gastrointestinal Stromal Tumor	None	NM_000222.2	ENST00000288135	LEVEL_1
KIT	V560G	110665	STANDARD_THERAPEUTIC_IMPLICATIONS_FOR_DRUG_SENSITIVITY	Gastrointestinal Stromal Tumor	None	NM_000222.2	ENST00000288135	LEVEL_1
KIT	K550_V555delinsI	110665	STANDARD_THERAPEUTIC_IMPLICATIONS_FOR_DRUG_SENSITIVITY	Gastrointestinal Stromal Tumor	None	NM_000222.2	ENST00000288135	LEVEL_1
KIT	V560D	110665	STANDARD_THERAPEUTIC_IMPLICATIONS_FOR_DRUG_SENSITIVITY	Gastrointestinal Stromal Tumor	None	NM_000222.2	ENST00000288135	LEVEL_1
KIT	P551_M552del	110665	STANDARD_THERAPEUTIC_IMPLICATIONS_FOR_DRUG_SENSITIVITY	Gastrointestinal Stromal Tumor	None	NM_000222.2	ENST00000288135	LEVEL_1
KIT	M552_W557del	110665	STANDARD_THERAPEUTIC_IMPLICATIONS_FOR_DRUG_SENSITIVITY	Gastrointestinal Stromal Tumor	None	NM_000222.2	ENST00000288135	LEVEL_1
KIT	V559I	110665	STANDARD_THERAPEUTIC_IMPLICATIONS_FOR_DRUG_SENSITIVITY	Gastrointestinal Stromal Tumor	None	NM_000222.2	ENST00000288135	LEVEL_1
KIT	M552_K558del	110665	STANDARD_THERAPEUTIC_IMPLICATIONS_FOR_DRUG_SENSITIVITY	Gastrointestinal Stromal Tumor	None	NM_000222.2	ENST00000288135	LEVEL_1
KIT	W557G	110665	STANDARD_THERAPEUTIC_IMPLICATIONS_FOR_DRUG_SENSITIVITY	Gastrointestinal Stromal Tumor	None	NM_000222.2	ENST00000288135	LEVEL_1
KIT	V560del	110665	STANDARD_THERAPEUTIC_IMPLICATIONS_FOR_DRUG_SENSITIVITY	Gastrointestinal Stromal Tumor	None	NM_000222.2	ENST00000288135	LEVEL_1
KIT	E554_V559del	110665	STANDARD_THERAPEUTIC_IMPLICATIONS_FOR_DRUG_SENSITIVITY	Gastrointestinal Stromal Tumor	None	NM_000222.2	ENST00000288135	LEVEL_1
KIT	V555_L576del	110665	STANDARD_THERAPEUTIC_IMPLICATIONS_FOR_DRUG_SENSITIVITY	Gastrointestinal Stromal Tumor	None	NM_000222.2	ENST00000288135	LEVEL_1
KIT	V559A	110665	STANDARD_THERAPEUTIC_IMPLICATIONS_FOR_DRUG_SENSITIVITY	Gastrointestinal Stromal Tumor	None	NM_000222.2	ENST00000288135	LEVEL_1
KIT	D579_H580insFNPTQLPYD	110665	STANDARD_THERAPEUTIC_IMPLICATIONS_FOR_DRUG_SENSITIVITY	Gastrointestinal Stromal Tumor	None	NM_000222.2	ENST00000288135	LEVEL_1
KIT	W557_V560del	110665	STANDARD_THERAPEUTIC_IMPLICATIONS_FOR_DRUG_SENSITIVITY	Gastrointestinal Stromal Tumor	None	NM_000222.2	ENST00000288135	LEVEL_1
KIT	K558delinsNP	110665	STANDARD_THERAPEUTIC_IMPLICATIONS_FOR_DRUG_SENSITIVITY	Gastrointestinal Stromal Tumor	None	NM_000222.2	ENST00000288135	LEVEL_1
KIT	T574insTQLPYD	110665	STANDARD_THERAPEUTIC_IMPLICATIONS_FOR_DRUG_SENSITIVITY	Gastrointestinal Stromal Tumor	None	NM_000222.2	ENST00000288135	LEVEL_1
KIT	P577_W582delinsPYD	110665	STANDARD_THERAPEUTIC_IMPLICATIONS_FOR_DRUG_SENSITIVITY	Gastrointestinal Stromal Tumor	None	NM_000222.2	ENST00000288135	LEVEL_1
KIT	Y553_K558del	110665	STANDARD_THERAPEUTIC_IMPLICATIONS_FOR_DRUG_SENSITIVITY	Gastrointestinal Stromal Tumor	None	NM_000222.2	ENST00000288135	LEVEL_1
KIT	Y578_D579insEQQLPY	110665	STANDARD_THERAPEUTIC_IMPLICATIONS_FOR_DRUG_SENSITIVITY	Gastrointestinal Stromal Tumor	None	NM_000222.2	ENST00000288135	LEVEL_1
KIT	D579_H580insLPCD	110665	STANDARD_THERAPEUTIC_IMPLICATIONS_FOR_DRUG_SENSITIVITY	Gastrointestinal Stromal Tumor	None	NM_000222.2	ENST00000288135	LEVEL_1
KIT	D579del	110665	STANDARD_THERAPEUTIC_IMPLICATIONS_FOR_DRUG_SENSITIVITY	Gastrointestinal Stromal Tumor	None	NM_000222.2	ENST00000288135	LEVEL_1
KIT	D572A	110665	STANDARD_THERAPEUTIC_IMPLICATIONS_FOR_DRUG_SENSITIVITY	Gastrointestinal Stromal Tumor	None	NM_000222.2	ENST00000288135	LEVEL_1
KIT	V559_G565del	110665	STANDARD_THERAPEUTIC_IMPLICATIONS_FOR_DRUG_SENSITIVITY	Gastrointestinal Stromal Tumor	None	NM_000222.2	ENST00000288135	LEVEL_1
KIT	L576del	110665	STANDARD_THERAPEUTIC_IMPLICATIONS_FOR_DRUG_SENSITIVITY	Gastrointestinal Stromal Tumor	None	NM_000222.2	ENST00000288135	LEVEL_1
KIT	Q575_P585dup	110665	STANDARD_THERAPEUTIC_IMPLICATIONS_FOR_DRUG_SENSITIVITY	Gastrointestinal Stromal Tumor	None	NM_000222.2	ENST00000288135	LEVEL_1
KIT	P573Q	110665	STANDARD_THERAPEUTIC_IMPLICATIONS_FOR_DRUG_SENSITIVITY	Gastrointestinal Stromal Tumor	None	NM_000222.2	ENST00000288135	LEVEL_1
KIT	E554_K558del	110665	STANDARD_THERAPEUTIC_IMPLICATIONS_FOR_DRUG_SENSITIVITY	Gastrointestinal Stromal Tumor	None	NM_000222.2	ENST00000288135	LEVEL_1
KIT	V559F	110665	STANDARD_THERAPEUTIC_IMPLICATIONS_FOR_DRUG_SENSITIVITY	Gastrointestinal Stromal Tumor	None	NM_000222.2	ENST00000288135	LEVEL_1
KIT	D572_P573dup	110665	STANDARD_THERAPEUTIC_IMPLICATIONS_FOR_DRUG_SENSITIVITY	Gastrointestinal Stromal Tumor	None	NM_000222.2	ENST00000288135	LEVEL_1
KIT	V559C	110665	STANDARD_THERAPEUTIC_IMPLICATIONS_FOR_DRUG_SENSITIVITY	Gastrointestinal Stromal Tumor	None	NM_000222.2	ENST00000288135	LEVEL_1
KIT	V559_V560del	110665	STANDARD_THERAPEUTIC_IMPLICATIONS_FOR_DRUG_SENSITIVITY	Gastrointestinal Stromal Tumor	None	NM_000222.2	ENST00000288135	LEVEL_1
KIT	Y578_D579dup	110665	STANDARD_THERAPEUTIC_IMPLICATIONS_FOR_DRUG_SENSITIVITY	Gastrointestinal Stromal Tumor	None	NM_000222.2	ENST00000288135	LEVEL_1
KIT	K550_W557del	110665	STANDARD_THERAPEUTIC_IMPLICATIONS_FOR_DRUG_SENSITIVITY	Gastrointestinal Stromal Tumor	None	NM_000222.2	ENST00000288135	LEVEL_1
PDGFRA	Fusions	97097	STANDARD_THERAPEUTIC_IMPLICATIONS_FOR_DRUG_SENSITIVITY	Myelodysplastic/Myeloproliferative Neoplasms	MDS/MPN	NM_006206.4	ENST00000257290	LEVEL_1
CDK12	Oncogenic Mutations	112203	STANDARD_THERAPEUTIC_IMPLICATIONS_FOR_DRUG_SENSITIVITY	Prostate Cancer	None	NM_016507.2	ENST00000447079	LEVEL_1
FGFR3	Fusions	90699	STANDARD_THERAPEUTIC_IMPLICATIONS_FOR_DRUG_SENSITIVITY	Bladder Cancer	None	NM_000142.4	ENST00000260795	LEVEL_1
KIT	V654A	110672	STANDARD_THERAPEUTIC_IMPLICATIONS_FOR_DRUG_SENSITIVITY	Gastrointestinal Stromal Tumor	None	NM_000222.2	ENST00000288135	LEVEL_1
FANCL	Oncogenic Mutations	112208	STANDARD_THERAPEUTIC_IMPLICATIONS_FOR_DRUG_SENSITIVITY	Prostate Cancer	None	NM_018062.3	ENST00000233741	LEVEL_1
KIT	V654A	110671	STANDARD_THERAPEUTIC_IMPLICATIONS_FOR_DRUG_SENSITIVITY	Gastrointestinal Stromal Tumor	None	NM_000222.2	ENST00000288135	LEVEL_1
FGFR3	R248C	90706	STANDARD_THERAPEUTIC_IMPLICATIONS_FOR_DRUG_SENSITIVITY	Bladder Cancer	None	NM_000142.4	ENST00000260795	LEVEL_1
FGFR3	Y373C	90706	STANDARD_THERAPEUTIC_IMPLICATIONS_FOR_DRUG_SENSITIVITY	Bladder Cancer	None	NM_000142.4	ENST00000260795	LEVEL_1
FGFR3	S249C	90706	STANDARD_THERAPEUTIC_IMPLICATIONS_FOR_DRUG_SENSITIVITY	Bladder Cancer	None	NM_000142.4	ENST00000260795	LEVEL_1
FGFR3	G370C	90706	STANDARD_THERAPEUTIC_IMPLICATIONS_FOR_DRUG_SENSITIVITY	Bladder Cancer	None	NM_000142.4	ENST00000260795	LEVEL_1
KIT	V654A	110673	STANDARD_THERAPEUTIC_IMPLICATIONS_FOR_DRUG_SENSITIVITY	Gastrointestinal Stromal Tumor	None	NM_000222.2	ENST00000288135	LEVEL_1
EGFR	G719	112212	STANDARD_THERAPEUTIC_IMPLICATIONS_FOR_DRUG_SENSITIVITY	Non-Small Cell Lung Cancer	None	NM_005228.3	ENST00000275493	LEVEL_1
KIT	K642E	110680	STANDARD_THERAPEUTIC_IMPLICATIONS_FOR_DRUG_SENSITIVITY	Gastrointestinal Stromal Tumor	None	NM_000222.2	ENST00000288135	LEVEL_1
KIT	K642E	110679	STANDARD_THERAPEUTIC_IMPLICATIONS_FOR_DRUG_SENSITIVITY	Gastrointestinal Stromal Tumor	None	NM_000222.2	ENST00000288135	LEVEL_1
KIT	K642E	110681	STANDARD_THERAPEUTIC_IMPLICATIONS_FOR_DRUG_SENSITIVITY	Gastrointestinal Stromal Tumor	None	NM_000222.2	ENST00000288135	LEVEL_1
KIT	T670I	110686	STANDARD_THERAPEUTIC_IMPLICATIONS_FOR_DRUG_SENSITIVITY	Gastrointestinal Stromal Tumor	None	NM_000222.2	ENST00000288135	LEVEL_1
KIT	T670I	110688	STANDARD_THERAPEUTIC_IMPLICATIONS_FOR_DRUG_SENSITIVITY	Gastrointestinal Stromal Tumor	None	NM_000222.2	ENST00000288135	LEVEL_1
KIT	T670I	110687	STANDARD_THERAPEUTIC_IMPLICATIONS_FOR_DRUG_SENSITIVITY	Gastrointestinal Stromal Tumor	None	NM_000222.2	ENST00000288135	LEVEL_1
KRAS	Oncogenic Mutations	93348	STANDARD_THERAPEUTIC_IMPLICATIONS_FOR_DRUG_RESISTANCE	Colorectal Cancer	None	NM_033360.2	ENST00000256078	LEVEL_R1
PDGFRA	D842V	97028	STANDARD_THERAPEUTIC_IMPLICATIONS_FOR_DRUG_RESISTANCE	Gastrointestinal Stromal Tumor	None	NM_006206.4	ENST00000257290	LEVEL_R1
EGFR	762_823ins	111091	STANDARD_THERAPEUTIC_IMPLICATIONS_FOR_DRUG_RESISTANCE	Non-Small Cell Lung Cancer	None	NM_005228.3	ENST00000275493	LEVEL_R1
ABL1	T315I	103782	STANDARD_THERAPEUTIC_IMPLICATIONS_FOR_DRUG_RESISTANCE	Myeloproliferative Neoplasms	CML	NM_005157.4	ENST00000318560	LEVEL_R1
EGFR	T790M	111013	STANDARD_THERAPEUTIC_IMPLICATIONS_FOR_DRUG_RESISTANCE	Non-Small Cell Lung Cancer	None	NM_005228.3	ENST00000275493	LEVEL_R1
ABL1	T315I	103785	STANDARD_THERAPEUTIC_IMPLICATIONS_FOR_DRUG_RESISTANCE	B-Lymphoblastic Leukemia/Lymphoma	BLL	NM_005157.4	ENST00000318560	LEVEL_R1
NRAS	Oncogenic Mutations	96448	STANDARD_THERAPEUTIC_IMPLICATIONS_FOR_DRUG_RESISTANCE	Colorectal Cancer	None	NM_002524.4	ENST00000369535	LEVEL_R1
FLI1	EWSR1-FLI1 Fusion	91107	INVESTIGATIONAL_THERAPEUTIC_IMPLICATIONS_DRUG_SENSITIVITY	Soft Tissue Sarcoma	ESST	NM_002017.4	ENST00000527786	LEVEL_4
CDK12	Truncating Mutations	85667	INVESTIGATIONAL_THERAPEUTIC_IMPLICATIONS_DRUG_SENSITIVITY	All Solid Tumors	None	NM_016507.2	ENST00000447079	LEVEL_4
PTEN	Oncogenic Mutations	99235	INVESTIGATIONAL_THERAPEUTIC_IMPLICATIONS_DRUG_SENSITIVITY	All Solid Tumors	None	NM_000314.4	ENST00000371953	LEVEL_4
EGFR	L747P	111018	INVESTIGATIONAL_THERAPEUTIC_IMPLICATIONS_DRUG_SENSITIVITY	Non-Small Cell Lung Cancer	None	NM_005228.3	ENST00000275493	LEVEL_4
EGFR	A763_Y764insFQEA	111081	INVESTIGATIONAL_THERAPEUTIC_IMPLICATIONS_DRUG_SENSITIVITY	Non-Small Cell Lung Cancer	None	NM_005228.3	ENST00000275493	LEVEL_4
U2AF1	Oncogenic Mutations	103340	INVESTIGATIONAL_THERAPEUTIC_IMPLICATIONS_DRUG_SENSITIVITY	Leukemia	AML	NM_006758.2	ENST00000291552	LEVEL_4
KRAS	Oncogenic Mutations	93356	INVESTIGATIONAL_THERAPEUTIC_IMPLICATIONS_DRUG_SENSITIVITY	All Solid Tumors	None	NM_033360.2	ENST00000256078	LEVEL_4
U2AF1	Oncogenic Mutations	103342	INVESTIGATIONAL_THERAPEUTIC_IMPLICATIONS_DRUG_SENSITIVITY	Myelodysplastic/Myeloproliferative Neoplasms	CMML	NM_006758.2	ENST00000291552	LEVEL_4
EGFR	Kinase Domain Duplication	111086	INVESTIGATIONAL_THERAPEUTIC_IMPLICATIONS_DRUG_SENSITIVITY	Non-Small Cell Lung Cancer	None	NM_005228.3	ENST00000275493	LEVEL_4
CDKN2A	Oncogenic Mutations	85869	INVESTIGATIONAL_THERAPEUTIC_IMPLICATIONS_DRUG_SENSITIVITY	All Solid Tumors	None	NM_000077.4	ENST00000304494	LEVEL_4
EGFR	Kinase Domain Duplication	111087	INVESTIGATIONAL_THERAPEUTIC_IMPLICATIONS_DRUG_SENSITIVITY	Non-Small Cell Lung Cancer	None	NM_005228.3	ENST00000275493	LEVEL_4
FGFR2	Oncogenic Mutations	90482	INVESTIGATIONAL_THERAPEUTIC_IMPLICATIONS_DRUG_SENSITIVITY	All Solid Tumors	None	NM_000141.4	ENST00000358487	LEVEL_4
U2AF1	Oncogenic Mutations	103345	INVESTIGATIONAL_THERAPEUTIC_IMPLICATIONS_DRUG_SENSITIVITY	Myelodysplastic Syndromes	MDS	NM_006758.2	ENST00000291552	LEVEL_4
EGFR	Amplification	111286	INVESTIGATIONAL_THERAPEUTIC_IMPLICATIONS_DRUG_SENSITIVITY	Glioma	None	NM_005228.3	ENST00000275493	LEVEL_4
BRAF	G464	105717	INVESTIGATIONAL_THERAPEUTIC_IMPLICATIONS_DRUG_SENSITIVITY	All Solid Tumors	None	NM_004333.4	ENST00000288602	LEVEL_4
BRAF	G469R	105717	INVESTIGATIONAL_THERAPEUTIC_IMPLICATIONS_DRUG_SENSITIVITY	All Solid Tumors	None	NM_004333.4	ENST00000288602	LEVEL_4
BRAF	G469A	105717	INVESTIGATIONAL_THERAPEUTIC_IMPLICATIONS_DRUG_SENSITIVITY	All Solid Tumors	None	NM_004333.4	ENST00000288602	LEVEL_4
BRAF	G469V	105717	INVESTIGATIONAL_THERAPEUTIC_IMPLICATIONS_DRUG_SENSITIVITY	All Solid Tumors	None	NM_004333.4	ENST00000288602	LEVEL_4
SRSF2	Oncogenic Mutations	101688	INVESTIGATIONAL_THERAPEUTIC_IMPLICATIONS_DRUG_SENSITIVITY	Leukemia	AML	NM_003016.4	ENST00000359995	LEVEL_4
SRSF2	Oncogenic Mutations	101691	INVESTIGATIONAL_THERAPEUTIC_IMPLICATIONS_DRUG_SENSITIVITY	Myelodysplastic/Myeloproliferative Neoplasms	CMML	NM_003016.4	ENST00000359995	LEVEL_4
EGFR	L718V	111486	INVESTIGATIONAL_THERAPEUTIC_IMPLICATIONS_DRUG_SENSITIVITY	Non-Small Cell Lung Cancer	NSCLC	NM_005228.3	ENST00000275493	LEVEL_4
SRSF2	Oncogenic Mutations	101694	INVESTIGATIONAL_THERAPEUTIC_IMPLICATIONS_DRUG_SENSITIVITY	Myelodysplastic Syndromes	MDS	NM_003016.4	ENST00000359995	LEVEL_4
KDM6A	Oncogenic Mutations	92413	INVESTIGATIONAL_THERAPEUTIC_IMPLICATIONS_DRUG_SENSITIVITY	Bladder Cancer	None	NM_021140.2	ENST00000377967	LEVEL_4
MTOR	Oncogenic Mutations	95613	INVESTIGATIONAL_THERAPEUTIC_IMPLICATIONS_DRUG_SENSITIVITY	All Solid Tumors	None	NM_004958.3	ENST00000361445	LEVEL_4
SMARCB1	Oncogenic Mutations	101315	INVESTIGATIONAL_THERAPEUTIC_IMPLICATIONS_DRUG_SENSITIVITY	All Liquid Tumors	None	NM_003073.3	ENST00000263121	LEVEL_4
EGFR	729_761ins	111046	INVESTIGATIONAL_THERAPEUTIC_IMPLICATIONS_DRUG_SENSITIVITY	Non-Small Cell Lung Cancer	None	NM_005228.3	ENST00000275493	LEVEL_4
EGFR	D761Y	111109	INVESTIGATIONAL_THERAPEUTIC_IMPLICATIONS_DRUG_SENSITIVITY	Non-Small Cell Lung Cancer	None	NM_005228.3	ENST00000275493	LEVEL_4
EGFR	R108K	111112	INVESTIGATIONAL_THERAPEUTIC_IMPLICATIONS_DRUG_SENSITIVITY	Glioma	None	NM_005228.3	ENST00000275493	LEVEL_4
EGFR	T263P	111112	INVESTIGATIONAL_THERAPEUTIC_IMPLICATIONS_DRUG_SENSITIVITY	Glioma	None	NM_005228.3	ENST00000275493	LEVEL_4
EGFR	A289V	111112	INVESTIGATIONAL_THERAPEUTIC_IMPLICATIONS_DRUG_SENSITIVITY	Glioma	None	NM_005228.3	ENST00000275493	LEVEL_4
FGFR1	Oncogenic Mutations	90249	INVESTIGATIONAL_THERAPEUTIC_IMPLICATIONS_DRUG_SENSITIVITY	All Solid Tumors	None	NM_001174067.1	ENST00000425967	LEVEL_4
SF3B1	Oncogenic Mutations	100822	INVESTIGATIONAL_THERAPEUTIC_IMPLICATIONS_DRUG_SENSITIVITY	Leukemia	AML	NM_012433.2	ENST00000335508	LEVEL_4
ZRSR2	Oncogenic Mutations	103702	INVESTIGATIONAL_THERAPEUTIC_IMPLICATIONS_DRUG_SENSITIVITY	Leukemia	AML	NM_005089.3	ENST00000307771	LEVEL_4
SF3B1	Oncogenic Mutations	100824	INVESTIGATIONAL_THERAPEUTIC_IMPLICATIONS_DRUG_SENSITIVITY	Myelodysplastic/Myeloproliferative Neoplasms	CMML	NM_012433.2	ENST00000335508	LEVEL_4
ZRSR2	Oncogenic Mutations	103704	INVESTIGATIONAL_THERAPEUTIC_IMPLICATIONS_DRUG_SENSITIVITY	Myelodysplastic/Myeloproliferative Neoplasms	CMML	NM_005089.3	ENST00000307771	LEVEL_4
FGFR3	Oncogenic Mutations	90711	INVESTIGATIONAL_THERAPEUTIC_IMPLICATIONS_DRUG_SENSITIVITY	All Solid Tumors	None	NM_000142.4	ENST00000260795	LEVEL_4
SF3B1	Oncogenic Mutations	100828	INVESTIGATIONAL_THERAPEUTIC_IMPLICATIONS_DRUG_SENSITIVITY	Myelodysplastic Syndromes	MDS	NM_012433.2	ENST00000335508	LEVEL_4
NF1	Oncogenic Mutations	95964	INVESTIGATIONAL_THERAPEUTIC_IMPLICATIONS_DRUG_SENSITIVITY	All Solid Tumors	None	NM_001042492.2	ENST00000358273	LEVEL_4
ZRSR2	Oncogenic Mutations	103707	INVESTIGATIONAL_THERAPEUTIC_IMPLICATIONS_DRUG_SENSITIVITY	Myelodysplastic Syndromes	MDS	NM_005089.3	ENST00000307771	LEVEL_4
BRAF	L597	105499	INVESTIGATIONAL_THERAPEUTIC_IMPLICATIONS_DRUG_SENSITIVITY	All Solid Tumors	None	NM_004333.4	ENST00000288602	LEVEL_4
BRAF	K601	105503	INVESTIGATIONAL_THERAPEUTIC_IMPLICATIONS_DRUG_SENSITIVITY	All Solid Tumors	None	NM_004333.4	ENST00000288602	LEVEL_4
FLI1	EWSR1-FLI1 Fusion	91105	INVESTIGATIONAL_THERAPEUTIC_IMPLICATIONS_DRUG_SENSITIVITY	Bone Cancer	ES	NM_002017.4	ENST00000527786	LEVEL_4
MET	Fusions	94433	INVESTIGATIONAL_THERAPEUTIC_IMPLICATIONS_DRUG_SENSITIVITY	All Solid Tumors	None	NM_000245.2	ENST00000397752	LEVEL_4
KIT	D816	110698	INVESTIGATIONAL_THERAPEUTIC_IMPLICATIONS_DRUG_RESISTANCE	Gastrointestinal Stromal Tumor	None	NM_000222.2	ENST00000288135	LEVEL_R2
KIT	D816	110699	INVESTIGATIONAL_THERAPEUTIC_IMPLICATIONS_DRUG_RESISTANCE	Gastrointestinal Stromal Tumor	None	NM_000222.2	ENST00000288135	LEVEL_R2
KIT	D820	110704	INVESTIGATIONAL_THERAPEUTIC_IMPLICATIONS_DRUG_RESISTANCE	Gastrointestinal Stromal Tumor	None	NM_000222.2	ENST00000288135	LEVEL_R2
KIT	D820	110705	INVESTIGATIONAL_THERAPEUTIC_IMPLICATIONS_DRUG_RESISTANCE	Gastrointestinal Stromal Tumor	None	NM_000222.2	ENST00000288135	LEVEL_R2
KIT	N822	110708	INVESTIGATIONAL_THERAPEUTIC_IMPLICATIONS_DRUG_RESISTANCE	Gastrointestinal Stromal Tumor	None	NM_000222.2	ENST00000288135	LEVEL_R2
KIT	A829P	110646	INVESTIGATIONAL_THERAPEUTIC_IMPLICATIONS_DRUG_RESISTANCE	Gastrointestinal Stromal Tumor	GIST	NM_000222.2	ENST00000288135	LEVEL_R2
KIT	N822	110709	INVESTIGATIONAL_THERAPEUTIC_IMPLICATIONS_DRUG_RESISTANCE	Gastrointestinal Stromal Tumor	None	NM_000222.2	ENST00000288135	LEVEL_R2
ALK	C1156Y	104440	INVESTIGATIONAL_THERAPEUTIC_IMPLICATIONS_DRUG_RESISTANCE	Non-Small Cell Lung Cancer	None	NM_004304.4	ENST00000389048	LEVEL_R2
KIT	A829P	110647	INVESTIGATIONAL_THERAPEUTIC_IMPLICATIONS_DRUG_RESISTANCE	Gastrointestinal Stromal Tumor	GIST	NM_000222.2	ENST00000288135	LEVEL_R2
MET	D1228N	94396	INVESTIGATIONAL_THERAPEUTIC_IMPLICATIONS_DRUG_RESISTANCE	Non-Small Cell Lung Cancer	None	NM_000245.2	ENST00000397752	LEVEL_R2
ALK	G1202R	104444	INVESTIGATIONAL_THERAPEUTIC_IMPLICATIONS_DRUG_RESISTANCE	Non-Small Cell Lung Cancer	None	NM_004304.4	ENST00000389048	LEVEL_R2
NTRK3	G623R	96765	INVESTIGATIONAL_THERAPEUTIC_IMPLICATIONS_DRUG_RESISTANCE	All Solid Tumors	None	NM_001012338.2	ENST00000360948	LEVEL_R2
EGFR	C797S	111101	INVESTIGATIONAL_THERAPEUTIC_IMPLICATIONS_DRUG_RESISTANCE	Non-Small Cell Lung Cancer	None	NM_005228.3	ENST00000275493	LEVEL_R2
EGFR	L718V	111487	INVESTIGATIONAL_THERAPEUTIC_IMPLICATIONS_DRUG_RESISTANCE	Non-Small Cell Lung Cancer	NSCLC	NM_005228.3	ENST00000275493	LEVEL_R2
MET	Y1230H	94402	INVESTIGATIONAL_THERAPEUTIC_IMPLICATIONS_DRUG_RESISTANCE	Non-Small Cell Lung Cancer	None	NM_000245.2	ENST00000397752	LEVEL_R2
EGFR	C797G	111105	INVESTIGATIONAL_THERAPEUTIC_IMPLICATIONS_DRUG_RESISTANCE	Non-Small Cell Lung Cancer	None	NM_005228.3	ENST00000275493	LEVEL_R2
ALK	G1269A	104449	INVESTIGATIONAL_THERAPEUTIC_IMPLICATIONS_DRUG_RESISTANCE	Non-Small Cell Lung Cancer	None	NM_004304.4	ENST00000389048	LEVEL_R2
EGFR	D761Y	111110	INVESTIGATIONAL_THERAPEUTIC_IMPLICATIONS_DRUG_RESISTANCE	Non-Small Cell Lung Cancer	None	NM_005228.3	ENST00000275493	LEVEL_R2
ALK	I1171N	104453	INVESTIGATIONAL_THERAPEUTIC_IMPLICATIONS_DRUG_RESISTANCE	Non-Small Cell Lung Cancer	None	NM_004304.4	ENST00000389048	LEVEL_R2
KIT	Y823D	110600	INVESTIGATIONAL_THERAPEUTIC_IMPLICATIONS_DRUG_RESISTANCE	Gastrointestinal Stromal Tumor	None	NM_000222.2	ENST00000288135	LEVEL_R2
KIT	Y823D	110599	INVESTIGATIONAL_THERAPEUTIC_IMPLICATIONS_DRUG_RESISTANCE	Gastrointestinal Stromal Tumor	None	NM_000222.2	ENST00000288135	LEVEL_R2
ALK	L1196M	104457	INVESTIGATIONAL_THERAPEUTIC_IMPLICATIONS_DRUG_RESISTANCE	Non-Small Cell Lung Cancer	None	NM_004304.4	ENST00000389048	LEVEL_R2
KIT	C809G	110606	INVESTIGATIONAL_THERAPEUTIC_IMPLICATIONS_DRUG_RESISTANCE	Gastrointestinal Stromal Tumor	None	NM_000222.2	ENST00000288135	LEVEL_R2
KIT	C809G	110605	INVESTIGATIONAL_THERAPEUTIC_IMPLICATIONS_DRUG_RESISTANCE	Gastrointestinal Stromal Tumor	None	NM_000222.2	ENST00000288135	LEVEL_R2
KIT	V654A	110674	INVESTIGATIONAL_THERAPEUTIC_IMPLICATIONS_DRUG_RESISTANCE	Gastrointestinal Stromal Tumor	None	NM_000222.2	ENST00000288135	LEVEL_R2
MET	Amplification	94419	INVESTIGATIONAL_THERAPEUTIC_IMPLICATIONS_DRUG_RESISTANCE	Non-Small Cell Lung Cancer	None	NM_000245.2	ENST00000397752	LEVEL_R2
NTRK1	G595R	96674	INVESTIGATIONAL_THERAPEUTIC_IMPLICATIONS_DRUG_RESISTANCE	All Solid Tumors	None	NM_002529.3	ENST00000524377	LEVEL_R2
KIT	T670I	110689	INVESTIGATIONAL_THERAPEUTIC_IMPLICATIONS_DRUG_RESISTANCE	Gastrointestinal Stromal Tumor	None	NM_000222.2	ENST00000288135	LEVEL_R2
KIT	D816	110696	INVESTIGATIONAL_THERAPEUTIC_IMPLICATIONS_DRUG_SENSITIVITY	Mastocytosis	None	NM_000222.2	ENST00000288135	LEVEL_3A
FGFR2	Fusions	90475	INVESTIGATIONAL_THERAPEUTIC_IMPLICATIONS_DRUG_SENSITIVITY	Bladder Cancer	None	NM_000141.4	ENST00000358487	LEVEL_3A
FGFR2	Fusions	90477	INVESTIGATIONAL_THERAPEUTIC_IMPLICATIONS_DRUG_SENSITIVITY	Hepatobiliary Cancer	CHOL	NM_000141.4	ENST00000358487	LEVEL_3A
EGFR	Kinase Domain Duplication	111085	INVESTIGATIONAL_THERAPEUTIC_IMPLICATIONS_DRUG_SENSITIVITY	Non-Small Cell Lung Cancer	None	NM_005228.3	ENST00000275493	LEVEL_3A
BRAF	Oncogenic Mutations	105458	INVESTIGATIONAL_THERAPEUTIC_IMPLICATIONS_DRUG_SENSITIVITY	Histiocytosis	None	NM_004333.4	ENST00000288602	LEVEL_3A
FLT3	572_630ins	91122	INVESTIGATIONAL_THERAPEUTIC_IMPLICATIONS_DRUG_SENSITIVITY	Leukemia	AML	NM_004119.2	ENST00000241453	LEVEL_3A
FLT3	572_630ins	91121	INVESTIGATIONAL_THERAPEUTIC_IMPLICATIONS_DRUG_SENSITIVITY	Leukemia	AML	NM_004119.2	ENST00000241453	LEVEL_3A
EGFR	762_823ins	111092	INVESTIGATIONAL_THERAPEUTIC_IMPLICATIONS_DRUG_SENSITIVITY	Non-Small Cell Lung Cancer	None	NM_005228.3	ENST00000275493	LEVEL_3A
FLT3	572_630ins	91123	INVESTIGATIONAL_THERAPEUTIC_IMPLICATIONS_DRUG_SENSITIVITY	Leukemia	AML	NM_004119.2	ENST00000241453	LEVEL_3A
AKT1	E17K	103926	INVESTIGATIONAL_THERAPEUTIC_IMPLICATIONS_DRUG_SENSITIVITY	Breast Cancer	None	NM_001014431.1	ENST00000349310	LEVEL_3A
PTCH1	Truncating Mutations	98934	INVESTIGATIONAL_THERAPEUTIC_IMPLICATIONS_DRUG_SENSITIVITY	"Skin Cancer, Non-Melanoma"	None	NM_000264.3	ENST00000331920	LEVEL_3A
AKT1	E17K	103928	INVESTIGATIONAL_THERAPEUTIC_IMPLICATIONS_DRUG_SENSITIVITY	Endometrial Cancer	None	NM_001014431.1	ENST00000349310	LEVEL_3A
PTCH1	Truncating Mutations	98935	INVESTIGATIONAL_THERAPEUTIC_IMPLICATIONS_DRUG_SENSITIVITY	"Skin Cancer, Non-Melanoma"	None	NM_000264.3	ENST00000331920	LEVEL_3A
AKT1	E17K	103930	INVESTIGATIONAL_THERAPEUTIC_IMPLICATIONS_DRUG_SENSITIVITY	Ovarian Cancer	None	NM_001014431.1	ENST00000349310	LEVEL_3A
PTCH1	Truncating Mutations	98937	INVESTIGATIONAL_THERAPEUTIC_IMPLICATIONS_DRUG_SENSITIVITY	Embryonal Tumor	None	NM_000264.3	ENST00000331920	LEVEL_3A
MAP2K2	Oncogenic Mutations	94075	INVESTIGATIONAL_THERAPEUTIC_IMPLICATIONS_DRUG_SENSITIVITY	Histiocytosis	None	NM_030662.3	ENST00000262948	LEVEL_3A
MTOR	L2427Q	95615	INVESTIGATIONAL_THERAPEUTIC_IMPLICATIONS_DRUG_SENSITIVITY	Renal Cell Carcinoma	None	NM_004958.3	ENST00000361445	LEVEL_3A
MTOR	L1460P	95615	INVESTIGATIONAL_THERAPEUTIC_IMPLICATIONS_DRUG_SENSITIVITY	Renal Cell Carcinoma	None	NM_004958.3	ENST00000361445	LEVEL_3A
MTOR	L2209V	95615	INVESTIGATIONAL_THERAPEUTIC_IMPLICATIONS_DRUG_SENSITIVITY	Renal Cell Carcinoma	None	NM_004958.3	ENST00000361445	LEVEL_3A
MTOR	E2014K	95618	INVESTIGATIONAL_THERAPEUTIC_IMPLICATIONS_DRUG_SENSITIVITY	Bladder Cancer	None	NM_004958.3	ENST00000361445	LEVEL_3A
MTOR	E2419K	95618	INVESTIGATIONAL_THERAPEUTIC_IMPLICATIONS_DRUG_SENSITIVITY	Bladder Cancer	None	NM_004958.3	ENST00000361445	LEVEL_3A
EZH2	Oncogenic Mutations	89985	INVESTIGATIONAL_THERAPEUTIC_IMPLICATIONS_DRUG_SENSITIVITY	Mature B-Cell Neoplasms	FL	NM_004456.4	ENST00000320356	LEVEL_3A
FGFR1	Amplification	90246	INVESTIGATIONAL_THERAPEUTIC_IMPLICATIONS_DRUG_SENSITIVITY	Non-Small Cell Lung Cancer	LUSC	NM_001174067.1	ENST00000425967	LEVEL_3A
MTOR	Q2223K	95623	INVESTIGATIONAL_THERAPEUTIC_IMPLICATIONS_DRUG_SENSITIVITY	Renal Cell Carcinoma	None	NM_004958.3	ENST00000361445	LEVEL_3A
RET	Oncogenic Mutations	100110	INVESTIGATIONAL_THERAPEUTIC_IMPLICATIONS_DRUG_SENSITIVITY	Thyroid Cancer	THME	NM_020975.4	ENST00000355710	LEVEL_3A
RET	Oncogenic Mutations	100109	INVESTIGATIONAL_THERAPEUTIC_IMPLICATIONS_DRUG_SENSITIVITY	Thyroid Cancer	THME	NM_020975.4	ENST00000355710	LEVEL_3A
MET	D1010	94353	INVESTIGATIONAL_THERAPEUTIC_IMPLICATIONS_DRUG_SENSITIVITY	Non-Small Cell Lung Cancer	None	NM_000245.2	ENST00000397752	LEVEL_3A
MET	Y1003	94353	INVESTIGATIONAL_THERAPEUTIC_IMPLICATIONS_DRUG_SENSITIVITY	Non-Small Cell Lung Cancer	None	NM_000245.2	ENST00000397752	LEVEL_3A
MET	963_1010splice	94353	INVESTIGATIONAL_THERAPEUTIC_IMPLICATIONS_DRUG_SENSITIVITY	Non-Small Cell Lung Cancer	None	NM_000245.2	ENST00000397752	LEVEL_3A
MET	963_1010del	94353	INVESTIGATIONAL_THERAPEUTIC_IMPLICATIONS_DRUG_SENSITIVITY	Non-Small Cell Lung Cancer	None	NM_000245.2	ENST00000397752	LEVEL_3A
HRAS	Oncogenic Mutations	112148	INVESTIGATIONAL_THERAPEUTIC_IMPLICATIONS_DRUG_SENSITIVITY	Head and Neck Cancer	HNSC	NM_001130442.1	ENST00000311189	LEVEL_3A
RET	Fusions	100118	INVESTIGATIONAL_THERAPEUTIC_IMPLICATIONS_DRUG_SENSITIVITY	Non-Small Cell Lung Cancer	None	NM_020975.4	ENST00000355710	LEVEL_3A
ERCC2	Oncogenic Mutations	89623	INVESTIGATIONAL_THERAPEUTIC_IMPLICATIONS_DRUG_SENSITIVITY	Bladder Cancer	None	NM_000400.3	ENST00000391945	LEVEL_3A
BRAF	L597	105497	INVESTIGATIONAL_THERAPEUTIC_IMPLICATIONS_DRUG_SENSITIVITY	Melanoma	MEL	NM_004333.4	ENST00000288602	LEVEL_3A
IDH1	Oncogenic Mutations	91931	INVESTIGATIONAL_THERAPEUTIC_IMPLICATIONS_DRUG_SENSITIVITY	Hepatobiliary Cancer	CHOL	NM_005896.2	ENST00000345146	LEVEL_3A
BRCA2	Oncogenic Mutations	107037	INVESTIGATIONAL_THERAPEUTIC_IMPLICATIONS_DRUG_SENSITIVITY	Pancreatic Cancer	PAAD	NM_000059.3	ENST00000380152	LEVEL_3A
BRAF	K601	105501	INVESTIGATIONAL_THERAPEUTIC_IMPLICATIONS_DRUG_SENSITIVITY	Melanoma	MEL	NM_004333.4	ENST00000288602	LEVEL_3A
MAP2K1	Oncogenic Mutations	93736	INVESTIGATIONAL_THERAPEUTIC_IMPLICATIONS_DRUG_SENSITIVITY	Non-Small Cell Lung Cancer	None	NM_002755.3	ENST00000307102	LEVEL_3A
MAP2K1	Oncogenic Mutations	93735	INVESTIGATIONAL_THERAPEUTIC_IMPLICATIONS_DRUG_SENSITIVITY	Melanoma	MEL	NM_002755.3	ENST00000307102	LEVEL_3A
MAP2K1	Oncogenic Mutations	93738	INVESTIGATIONAL_THERAPEUTIC_IMPLICATIONS_DRUG_SENSITIVITY	Histiocytosis	None	NM_002755.3	ENST00000307102	LEVEL_3A
MAP2K1	Oncogenic Mutations	93737	INVESTIGATIONAL_THERAPEUTIC_IMPLICATIONS_DRUG_SENSITIVITY	Ovarian Cancer	LGSOC	NM_002755.3	ENST00000307102	LEVEL_3A
PIK3CA	Oncogenic Mutations	97326	INVESTIGATIONAL_THERAPEUTIC_IMPLICATIONS_DRUG_SENSITIVITY	Breast Cancer	None	NM_006218.2	ENST00000263967	LEVEL_3A
MDM2	Amplification	94254	INVESTIGATIONAL_THERAPEUTIC_IMPLICATIONS_DRUG_SENSITIVITY	Soft Tissue Sarcoma	LIPO	NM_002392.5	ENST00000462284	LEVEL_3A
PIK3CA	Oncogenic Mutations	97327	INVESTIGATIONAL_THERAPEUTIC_IMPLICATIONS_DRUG_SENSITIVITY	Breast Cancer	None	NM_006218.2	ENST00000263967	LEVEL_3A
MDM2	Amplification	94255	INVESTIGATIONAL_THERAPEUTIC_IMPLICATIONS_DRUG_SENSITIVITY	Soft Tissue Sarcoma	LIPO	NM_002392.5	ENST00000462284	LEVEL_3A
KRAS	Oncogenic Mutations	93359	INVESTIGATIONAL_THERAPEUTIC_IMPLICATIONS_DRUG_SENSITIVITY	Histiocytosis	None	NM_033360.2	ENST00000256078	LEVEL_3A
ABL1	BCR-ABL1 Fusion	103730	INVESTIGATIONAL_THERAPEUTIC_IMPLICATIONS_DRUG_SENSITIVITY	Myeloproliferative Neoplasms	CML	NM_005157.4	ENST00000318560	LEVEL_3A
EGFR	E709_T710delinsD	111027	INVESTIGATIONAL_THERAPEUTIC_IMPLICATIONS_DRUG_SENSITIVITY	Non-Small Cell Lung Cancer	None	NM_005228.3	ENST00000275493	LEVEL_3A
RAF1	Oncogenic Mutations	99894	INVESTIGATIONAL_THERAPEUTIC_IMPLICATIONS_DRUG_SENSITIVITY	Histiocytosis	None	NM_002880.3	ENST00000251849	LEVEL_3A
NRAS	Oncogenic Mutations	96444	INVESTIGATIONAL_THERAPEUTIC_IMPLICATIONS_DRUG_SENSITIVITY	Melanoma	MEL	NM_002524.4	ENST00000369535	LEVEL_3A
ERBB2	Oncogenic Mutations	88124	INVESTIGATIONAL_THERAPEUTIC_IMPLICATIONS_DRUG_SENSITIVITY	Non-Small Cell Lung Cancer	None	NM_004448.2	ENST00000269571	LEVEL_3A
NRAS	Oncogenic Mutations	96443	INVESTIGATIONAL_THERAPEUTIC_IMPLICATIONS_DRUG_SENSITIVITY	Melanoma	MEL	NM_002524.4	ENST00000369535	LEVEL_3A
NRAS	Oncogenic Mutations	96446	INVESTIGATIONAL_THERAPEUTIC_IMPLICATIONS_DRUG_SENSITIVITY	Thyroid Cancer	None	NM_002524.4	ENST00000369535	LEVEL_3A
ERBB2	Oncogenic Mutations	88126	INVESTIGATIONAL_THERAPEUTIC_IMPLICATIONS_DRUG_SENSITIVITY	Breast Cancer	None	NM_004448.2	ENST00000269571	LEVEL_3A
JAK2	PCM1-JAK2 Fusion	92221	INVESTIGATIONAL_THERAPEUTIC_IMPLICATIONS_DRUG_SENSITIVITY	Myeloproliferative Neoplasms	CELNOS	NM_004972.3	ENST00000381652	LEVEL_3A
KRAS	G12C	93378	INVESTIGATIONAL_THERAPEUTIC_IMPLICATIONS_DRUG_SENSITIVITY	Non-Small Cell Lung Cancer	None	NM_033360.2	ENST00000256078	LEVEL_3A
EGFR	729_761ins	111044	INVESTIGATIONAL_THERAPEUTIC_IMPLICATIONS_DRUG_SENSITIVITY	Non-Small Cell Lung Cancer	None	NM_005228.3	ENST00000275493	LEVEL_3A
EGFR	729_761ins	111045	INVESTIGATIONAL_THERAPEUTIC_IMPLICATIONS_DRUG_SENSITIVITY	Non-Small Cell Lung Cancer	None	NM_005228.3	ENST00000275493	LEVEL_3A
NRAS	Oncogenic Mutations	96456	INVESTIGATIONAL_THERAPEUTIC_IMPLICATIONS_DRUG_SENSITIVITY	Histiocytosis	None	NM_002524.4	ENST00000369535	LEVEL_3A
FGFR3	Fusions	90700	INVESTIGATIONAL_THERAPEUTIC_IMPLICATIONS_DRUG_SENSITIVITY	Bladder Cancer	None	NM_000142.4	ENST00000260795	LEVEL_3A
FGFR3	K650	90703	INVESTIGATIONAL_THERAPEUTIC_IMPLICATIONS_DRUG_SENSITIVITY	Bladder Cancer	None	NM_000142.4	ENST00000260795	LEVEL_3A
FGFR3	G380R	90703	INVESTIGATIONAL_THERAPEUTIC_IMPLICATIONS_DRUG_SENSITIVITY	Bladder Cancer	None	NM_000142.4	ENST00000260795	LEVEL_3A
FGFR3	S371C	90703	INVESTIGATIONAL_THERAPEUTIC_IMPLICATIONS_DRUG_SENSITIVITY	Bladder Cancer	None	NM_000142.4	ENST00000260795	LEVEL_3A
ESR1	Oncogenic Mutations	89812	INVESTIGATIONAL_THERAPEUTIC_IMPLICATIONS_DRUG_SENSITIVITY	Breast Cancer	None	NM_001122740.1	ENST00000206249	LEVEL_3A
FGFR3	R248C	90707	INVESTIGATIONAL_THERAPEUTIC_IMPLICATIONS_DRUG_SENSITIVITY	Bladder Cancer	None	NM_000142.4	ENST00000260795	LEVEL_3A
FGFR3	Y373C	90707	INVESTIGATIONAL_THERAPEUTIC_IMPLICATIONS_DRUG_SENSITIVITY	Bladder Cancer	None	NM_000142.4	ENST00000260795	LEVEL_3A
FGFR3	S249C	90707	INVESTIGATIONAL_THERAPEUTIC_IMPLICATIONS_DRUG_SENSITIVITY	Bladder Cancer	None	NM_000142.4	ENST00000260795	LEVEL_3A
FGFR3	G370C	90707	INVESTIGATIONAL_THERAPEUTIC_IMPLICATIONS_DRUG_SENSITIVITY	Bladder Cancer	None	NM_000142.4	ENST00000260795	LEVEL_3A
BRAF	Fusions	105432	INVESTIGATIONAL_THERAPEUTIC_IMPLICATIONS_DRUG_SENSITIVITY	Ovarian Cancer	None	NM_004333.4	ENST00000288602	LEVEL_3A
ARAF	Oncogenic Mutations	104794	INVESTIGATIONAL_THERAPEUTIC_IMPLICATIONS_DRUG_SENSITIVITY	Non-Small Cell Lung Cancer	None	NM_001654.4	ENST00000377045	LEVEL_3A
BRAF	Fusions	105434	INVESTIGATIONAL_THERAPEUTIC_IMPLICATIONS_DRUG_SENSITIVITY	Melanoma	MEL	NM_004333.4	ENST00000288602	LEVEL_3A
ARAF	Oncogenic Mutations	104796	INVESTIGATIONAL_THERAPEUTIC_IMPLICATIONS_DRUG_SENSITIVITY	Histiocytosis	None	NM_001654.4	ENST00000377045	LEVEL_3A
ARAF	Oncogenic Mutations	104797	INVESTIGATIONAL_THERAPEUTIC_IMPLICATIONS_DRUG_SENSITIVITY	Histiocytosis	None	NM_001654.4	ENST00000377045	LEVEL_3A
